USER_KEY,MOVIE_KEY,rating
U1,M1,3
U1,M3,3
U1,M6,3
U1,M47,4
U1,M50,4
U1,M70,2
U1,M101,4
U1,M110,3
U1,M151,4
U1,M157,4
U1,M163,4
U1,M216,4
U1,M223,2
U1,M231,4
U1,M235,3
U1,M260,4
U1,M296,2
U1,M316,2
U1,M333,4
U1,M349,3
U1,M356,3
U1,M362,4
U1,M367,3
U1,M423,2
U1,M441,3
U1,M457,4
U1,M480,3
U1,M500,2
U1,M527,4
U1,M543,3
U1,M552,3
U1,M553,4
U1,M590,3
U1,M592,3
U1,M593,3
U1,M596,4
U1,M608,4
U1,M648,2
U1,M661,4
U1,M673,2
U1,M733,3
U1,M736,2
U1,M780,2
U1,M804,3
U1,M919,4
U1,M923,4
U1,M940,4
U1,M943,3
U1,M954,4
U1,M1009,2
U1,M1023,4
U1,M1024,4
U1,M1025,4
U1,M1029,4
U1,M1030,2
U1,M1031,4
U1,M1032,4
U1,M1042,3
U1,M1049,4
U1,M1060,3
U1,M1073,4
U1,M1080,4
U1,M1089,4
U1,M1090,3
U1,M1092,4
U1,M1097,4
U1,M1127,3
U1,M1136,4
U1,M1196,4
U1,M1197,4
U1,M1198,4
U1,M1206,4
U1,M1208,3
U1,M1210,4
U1,M1213,4
U1,M1214,3
U1,M1219,1
U1,M1220,4
U1,M1222,4
U1,M1224,4
U1,M1226,4
U1,M1240,4
U1,M1256,4
U1,M1258,2
U1,M1265,3
U1,M1270,4
U1,M1275,4
U1,M1278,4
U1,M1282,4
U1,M1291,4
U1,M1298,4
U1,M1348,3
U1,M1377,2
U1,M1396,2
U1,M1408,2
U1,M1445,2
U1,M1473,3
U1,M1500,3
U1,M1517,4
U1,M1552,3
U1,M1573,4
U1,M1580,2
U1,M1587,4
U1,M1617,4
U1,M1620,3
U1,M1625,4
U1,M1644,2
U1,M1676,2
U1,M1732,4
U1,M1777,3
U1,M1793,3
U1,M1804,4
U1,M1805,3
U1,M1920,3
U1,M1927,4
U1,M1954,4
U1,M1967,3
U1,M2000,3
U1,M2005,4
U1,M2012,3
U1,M2018,4
U1,M2028,3
U1,M2033,4
U1,M2046,3
U1,M2048,4
U1,M2054,3
U1,M2058,4
U1,M2078,4
U1,M2090,4
U1,M2093,2
U1,M2094,4
U1,M2096,3
U1,M2099,3
U1,M2105,3
U1,M2115,4
U1,M2116,4
U1,M2137,4
U1,M2139,4
U1,M2141,4
U1,M2143,3
U1,M2161,4
U1,M2174,3
U1,M2193,3
U1,M2253,1
U1,M2268,3
U1,M2273,3
U1,M2291,4
U1,M2329,4
U1,M2338,1
U1,M2353,4
U1,M2366,3
U1,M2387,4
U1,M2389,1
U1,M2395,4
U1,M2406,3
U1,M2414,2
U1,M2427,4
U1,M2450,3
U1,M2459,4
U1,M2470,4
U1,M2478,3
U1,M2492,3
U1,M2502,4
U1,M2528,2
U1,M2529,4
U1,M2542,4
U1,M2571,4
U1,M2580,4
U1,M2596,4
U1,M2616,3
U1,M2617,1
U1,M2628,3
U1,M2640,3
U1,M2641,4
U1,M2644,3
U1,M2648,3
U1,M2654,4
U1,M2657,2
U1,M2692,4
U1,M2700,4
U1,M2716,4
U1,M2761,4
U1,M2797,3
U1,M2826,3
U1,M2858,4
U1,M2872,4
U1,M2899,4
U1,M2916,3
U1,M2944,4
U1,M2947,4
U1,M2948,4
U1,M2949,4
U1,M2959,4
U1,M2985,3
U1,M2987,4
U1,M2991,4
U1,M2993,4
U1,M2997,3
U1,M3033,4
U1,M3034,4
U1,M3052,4
U1,M3053,4
U1,M3062,3
U1,M3147,4
U1,M3168,3
U1,M3176,0
U1,M3243,2
U1,M3247,2
U1,M3253,4
U1,M3273,4
U1,M3386,4
U1,M3439,3
U1,M3440,3
U1,M3441,4
U1,M3448,4
U1,M3450,4
U1,M3479,3
U1,M3489,3
U1,M3527,3
U1,M3578,4
U1,M3617,3
U1,M3639,3
U1,M3671,4
U1,M3702,4
U1,M3703,4
U1,M3729,4
U1,M3740,3
U1,M3744,3
U1,M3793,4
U1,M3809,3
U1,M4006,3
U1,M5060,4
U2,M318,2
U2,M333,3
U2,M1704,3
U2,M3578,3
U2,M6874,3
U2,M8798,2
U2,M46970,3
U2,M48516,3
U2,M58559,3
U2,M60756,4
U2,M68157,3
U2,M71535,2
U2,M74458,3
U2,M77455,2
U2,M79132,3
U2,M80489,3
U2,M80906,4
U2,M86345,3
U2,M89774,4
U2,M91529,2
U2,M91658,1
U2,M99114,2
U2,M106782,4
U2,M109487,2
U2,M112552,3
U2,M114060,1
U2,M115713,2
U2,M122882,4
U2,M131724,4
U3,M31,0
U3,M527,0
U3,M647,0
U3,M688,0
U3,M720,0
U3,M849,4
U3,M914,0
U3,M1093,0
U3,M1124,0
U3,M1263,0
U3,M1272,0
U3,M1275,2
U3,M1302,0
U3,M1371,2
U3,M1587,3
U3,M2018,0
U3,M2080,0
U3,M2090,0
U3,M2105,1
U3,M2288,3
U3,M2424,0
U3,M2851,4
U3,M3024,3
U3,M3210,0
U3,M3703,4
U3,M3949,0
U3,M4518,4
U3,M5048,0
U3,M5181,4
U3,M5746,4
U3,M5764,3
U3,M5919,4
U3,M6238,0
U3,M6835,4
U3,M7899,3
U3,M7991,4
U3,M26409,3
U3,M70946,4
U3,M72378,0
U4,M21,2
U4,M32,1
U4,M45,2
U4,M47,1
U4,M52,2
U4,M58,2
U4,M106,3
U4,M125,4
U4,M126,0
U4,M162,4
U4,M171,2
U4,M176,4
U4,M190,1
U4,M215,4
U4,M222,0
U4,M232,4
U4,M235,1
U4,M247,2
U4,M260,4
U4,M265,4
U4,M296,0
U4,M319,4
U4,M342,4
U4,M345,3
U4,M348,3
U4,M351,2
U4,M357,2
U4,M368,3
U4,M417,1
U4,M441,0
U4,M450,1
U4,M457,4
U4,M475,4
U4,M492,4
U4,M509,0
U4,M538,4
U4,M539,0
U4,M553,1
U4,M588,3
U4,M593,4
U4,M595,2
U4,M599,1
U4,M608,4
U4,M648,2
U4,M708,3
U4,M759,2
U4,M800,3
U4,M892,3
U4,M898,4
U4,M899,3
U4,M902,3
U4,M904,3
U4,M908,4
U4,M910,4
U4,M912,4
U4,M914,4
U4,M919,4
U4,M920,4
U4,M930,4
U4,M937,2
U4,M1025,3
U4,M1046,4
U4,M1057,2
U4,M1060,1
U4,M1073,3
U4,M1077,4
U4,M1079,1
U4,M1080,4
U4,M1084,4
U4,M1086,4
U4,M1094,2
U4,M1103,4
U4,M1136,4
U4,M1179,3
U4,M1183,0
U4,M1188,4
U4,M1196,4
U4,M1197,4
U4,M1198,2
U4,M1199,1
U4,M1203,4
U4,M1211,0
U4,M1213,3
U4,M1219,3
U4,M1225,3
U4,M1250,4
U4,M1259,3
U4,M1265,3
U4,M1266,3
U4,M1279,1
U4,M1282,4
U4,M1283,4
U4,M1288,3
U4,M1291,3
U4,M1304,2
U4,M1391,0
U4,M1449,4
U4,M1466,3
U4,M1500,3
U4,M1517,3
U4,M1580,2
U4,M1597,0
U4,M1617,1
U4,M1641,3
U4,M1704,0
U4,M1719,3
U4,M1732,3
U4,M1733,4
U4,M1734,2
U4,M1834,4
U4,M1860,1
U4,M1883,3
U4,M1885,2
U4,M1892,1
U4,M1895,3
U4,M1907,2
U4,M1914,3
U4,M1916,0
U4,M1923,2
U4,M1947,4
U4,M1966,1
U4,M1967,4
U4,M1968,3
U4,M2019,1
U4,M2076,3
U4,M2078,4
U4,M2109,3
U4,M2145,2
U4,M2150,4
U4,M2174,4
U4,M2186,4
U4,M2203,3
U4,M2204,4
U4,M2282,0
U4,M2324,0
U4,M2336,1
U4,M2351,3
U4,M2359,3
U4,M2390,4
U4,M2395,2
U4,M2406,3
U4,M2467,3
U4,M2571,0
U4,M2583,4
U4,M2599,4
U4,M2628,0
U4,M2683,3
U4,M2692,4
U4,M2712,1
U4,M2762,3
U4,M2763,0
U4,M2770,1
U4,M2791,4
U4,M2843,4
U4,M2858,4
U4,M2874,3
U4,M2921,3
U4,M2926,4
U4,M2959,1
U4,M2973,1
U4,M2997,3
U4,M3033,3
U4,M3044,4
U4,M3060,3
U4,M3079,2
U4,M3083,4
U4,M3160,3
U4,M3175,0
U4,M3176,3
U4,M3204,3
U4,M3255,3
U4,M3317,3
U4,M3358,2
U4,M3365,4
U4,M3386,3
U4,M3408,3
U4,M3481,1
U4,M3489,0
U4,M3508,4
U4,M3538,1
U4,M3591,0
U4,M3788,2
U4,M3809,2
U4,M3851,4
U4,M3897,3
U4,M3911,2
U4,M3967,3
U4,M3996,3
U4,M4002,2
U4,M4014,0
U4,M4020,2
U4,M4021,3
U4,M4027,2
U4,M4029,2
U4,M4033,3
U4,M4034,4
U4,M4074,2
U4,M4121,3
U4,M4144,2
U4,M4166,2
U4,M4226,1
U4,M4239,4
U4,M4246,3
U4,M4252,2
U4,M4260,1
U4,M4273,3
U4,M4308,0
U4,M4347,3
U4,M4381,2
U4,M4641,0
U4,M4741,2
U4,M4765,4
U4,M4881,2
U4,M4896,3
U4,M4902,3
U4,M4967,4
U5,M1,3
U5,M21,3
U5,M34,3
U5,M36,3
U5,M39,2
U5,M50,3
U5,M58,4
U5,M110,3
U5,M150,2
U5,M153,2
U5,M232,3
U5,M247,4
U5,M253,2
U5,M261,3
U5,M265,2
U5,M266,0
U5,M290,4
U5,M296,4
U5,M300,2
U5,M316,1
U5,M318,2
U5,M344,2
U5,M349,2
U5,M357,1
U5,M364,2
U5,M367,3
U5,M380,1
U5,M410,2
U5,M457,3
U5,M474,3
U5,M475,4
U5,M515,2
U5,M527,4
U5,M531,3
U5,M534,2
U5,M588,3
U5,M589,2
U5,M590,4
U5,M592,2
U5,M594,4
U5,M595,4
U5,M596,4
U5,M597,2
U5,M608,2
U6,M2,3
U6,M3,4
U6,M4,2
U6,M5,4
U6,M6,3
U6,M7,3
U6,M8,2
U6,M10,2
U6,M11,3
U6,M13,2
U6,M15,3
U6,M16,3
U6,M17,3
U6,M19,1
U6,M21,1
U6,M22,4
U6,M24,3
U6,M25,2
U6,M26,3
U6,M27,2
U6,M31,2
U6,M32,3
U6,M34,3
U6,M36,4
U6,M41,3
U6,M43,3
U6,M45,2
U6,M46,3
U6,M47,3
U6,M50,0
U6,M54,3
U6,M60,3
U6,M61,3
U6,M62,3
U6,M65,2
U6,M66,2
U6,M76,3
U6,M79,2
U6,M86,4
U6,M87,2
U6,M88,1
U6,M89,3
U6,M92,3
U6,M93,3
U6,M95,3
U6,M100,2
U6,M102,0
U6,M104,3
U6,M105,2
U6,M110,4
U6,M112,3
U6,M113,2
U6,M126,2
U6,M135,2
U6,M140,2
U6,M141,3
U6,M145,3
U6,M146,3
U6,M150,3
U6,M151,3
U6,M153,2
U6,M158,3
U6,M159,2
U6,M160,4
U6,M161,2
U6,M163,2
U6,M165,2
U6,M168,4
U6,M170,2
U6,M171,2
U6,M174,2
U6,M177,2
U6,M179,0
U6,M180,1
U6,M181,2
U6,M185,2
U6,M186,2
U6,M189,2
U6,M191,1
U6,M195,3
U6,M196,2
U6,M201,2
U6,M204,2
U6,M205,2
U6,M207,3
U6,M208,2
U6,M209,2
U6,M210,3
U6,M212,3
U6,M216,3
U6,M217,2
U6,M218,1
U6,M219,2
U6,M222,3
U6,M224,2
U6,M225,3
U6,M230,4
U6,M231,2
U6,M234,1
U6,M236,3
U6,M237,3
U6,M239,2
U6,M240,2
U6,M243,2
U6,M248,4
U6,M250,3
U6,M251,2
U6,M252,3
U6,M253,2
U6,M254,2
U6,M256,2
U6,M257,4
U6,M258,2
U6,M261,3
U6,M262,4
U6,M265,2
U6,M266,2
U6,M267,2
U6,M270,2
U6,M271,3
U6,M273,2
U6,M274,3
U6,M276,3
U6,M277,4
U6,M279,2
U6,M281,3
U6,M282,2
U6,M288,1
U6,M289,2
U6,M291,2
U6,M292,3
U6,M293,2
U6,M296,1
U6,M302,2
U6,M303,2
U6,M304,3
U6,M310,2
U6,M312,0
U6,M313,2
U6,M314,4
U6,M315,3
U6,M316,4
U6,M317,3
U6,M318,4
U6,M327,0
U6,M329,3
U6,M330,2
U6,M332,2
U6,M333,4
U6,M336,2
U6,M337,4
U6,M339,3
U6,M340,3
U6,M342,2
U6,M343,2
U6,M344,2
U6,M347,2
U6,M348,2
U6,M349,4
U6,M350,4
U6,M351,3
U6,M352,2
U6,M353,3
U6,M354,3
U6,M355,3
U6,M356,4
U6,M357,2
U6,M358,2
U6,M359,2
U6,M360,2
U6,M361,3
U6,M362,2
U6,M364,4
U6,M366,2
U6,M367,3
U6,M368,4
U6,M370,3
U6,M371,2
U6,M374,2
U6,M377,4
U6,M378,2
U6,M380,3
U6,M381,2
U6,M382,2
U6,M383,2
U6,M405,2
U6,M410,2
U6,M412,2
U6,M415,3
U6,M416,2
U6,M419,2
U6,M426,2
U6,M432,4
U6,M434,3
U6,M435,2
U6,M437,2
U6,M440,3
U6,M445,2
U6,M450,3
U6,M454,3
U6,M455,2
U6,M457,4
U6,M458,2
U6,M460,2
U6,M466,1
U6,M468,3
U6,M469,3
U6,M472,2
U6,M474,3
U6,M475,3
U6,M477,3
U6,M480,4
U6,M485,2
U6,M489,2
U6,M490,2
U6,M491,3
U6,M493,2
U6,M494,2
U6,M497,2
U6,M500,4
U6,M502,2
U6,M505,2
U6,M508,3
U6,M509,2
U6,M510,2
U6,M515,3
U6,M516,3
U6,M520,2
U6,M524,2
U6,M527,2
U6,M531,2
U6,M532,2
U6,M536,2
U6,M537,2
U6,M539,2
U6,M540,2
U6,M542,3
U6,M543,2
U6,M546,1
U6,M548,2
U6,M552,2
U6,M553,4
U6,M569,3
U6,M575,2
U6,M587,4
U6,M588,4
U6,M589,2
U6,M590,4
U6,M592,2
U6,M593,3
U6,M594,3
U6,M595,4
U6,M596,2
U6,M597,3
U6,M606,2
U6,M608,2
U6,M609,3
U6,M616,4
U6,M628,2
U6,M631,3
U6,M637,3
U6,M640,0
U6,M647,3
U6,M662,2
U6,M667,2
U6,M694,2
U6,M697,2
U6,M700,3
U6,M704,2
U6,M708,3
U6,M709,4
U6,M710,2
U6,M711,3
U6,M719,1
U6,M736,4
U6,M747,2
U6,M762,0
U6,M765,2
U6,M775,2
U6,M780,4
U6,M783,4
U6,M795,2
U6,M799,2
U6,M801,2
U6,M802,3
U6,M818,2
U6,M830,4
U6,M835,3
U6,M837,2
U6,M838,3
U6,M839,2
U6,M842,2
U6,M848,3
U6,M852,3
U6,M867,2
U6,M880,2
U6,M881,2
U6,M888,2
U6,M891,2
U6,M979,2
U6,M981,2
U6,M986,3
U6,M991,3
U6,M996,3
U6,M999,1
U6,M1004,3
U6,M1006,3
U6,M1042,2
U6,M1049,4
U6,M1061,3
U6,M1064,3
U6,M1073,2
U6,M1082,3
U6,M1084,2
U7,M1,3
U7,M50,3
U7,M58,2
U7,M150,3
U7,M165,3
U7,M260,4
U7,M356,4
U7,M380,2
U7,M466,4
U7,M480,4
U7,M587,1
U7,M588,2
U7,M589,1
U7,M592,2
U7,M593,4
U7,M595,2
U7,M648,3
U7,M750,3
U7,M780,3
U7,M920,2
U7,M924,3
U7,M1101,3
U7,M1183,0
U7,M1196,3
U7,M1208,3
U7,M1210,3
U7,M1219,4
U7,M1220,3
U7,M1240,4
U7,M1246,0
U7,M1270,4
U7,M1517,2
U7,M1584,4
U7,M1610,3
U7,M1617,2
U7,M1682,2
U7,M1784,0
U7,M1917,3
U7,M1923,0
U7,M1954,3
U7,M2019,4
U7,M2324,1
U7,M2353,2
U7,M2529,4
U7,M2628,0
U7,M2640,2
U7,M2671,3
U7,M2683,1
U7,M2688,1
U7,M2701,0
U7,M2717,2
U7,M2762,3
U7,M2858,3
U7,M3114,3
U7,M3354,0
U7,M3408,3
U7,M3578,0
U7,M3623,0
U7,M3793,2
U7,M3869,4
U7,M3916,3
U7,M3977,1
U7,M3994,2
U7,M4018,3
U7,M4223,1
U7,M4246,1
U7,M4306,3
U7,M4310,0
U7,M4370,3
U7,M4643,0
U7,M4700,0
U7,M4844,0
U7,M4874,2
U7,M4886,3
U7,M4896,3
U7,M4963,3
U7,M4993,3
U7,M4995,3
U7,M5218,2
U7,M5349,2
U7,M5378,0
U7,M5445,3
U7,M5459,2
U7,M5464,2
U7,M5502,0
U7,M5618,4
U7,M5816,3
U7,M5952,3
U7,M5989,3
U7,M5991,3
U7,M6333,3
U7,M6365,3
U7,M6534,0
U7,M6539,3
U7,M6863,3
U7,M6934,1
U7,M7143,3
U7,M7153,3
U7,M7155,2
U7,M7445,3
U7,M8207,3
U7,M8360,2
U7,M8368,1
U7,M8373,1
U7,M8528,3
U7,M8636,3
U7,M8665,2
U7,M8666,0
U7,M8783,0
U7,M8798,3
U7,M8808,0
U7,M8865,0
U7,M8870,2
U7,M8907,0
U7,M8908,3
U7,M8949,3
U7,M8957,3
U7,M8958,2
U7,M8961,3
U7,M8965,0
U7,M8970,1
U7,M8972,1
U7,M8984,3
U7,M27741,2
U7,M30812,2
U7,M30816,1
U7,M31878,2
U7,M32029,1
U7,M32031,0
U7,M32296,1
U7,M32587,2
U7,M33162,2
U7,M33493,0
U7,M33794,1
U7,M33836,0
U7,M34048,2
U7,M34319,3
U7,M37741,2
U7,M38388,2
U7,M42002,3
U7,M45499,3
U7,M45517,3
U7,M45668,0
U7,M45730,0
U7,M46530,0
U7,M48516,0
U7,M48783,3
U7,M48997,1
U7,M49272,3
U7,M49278,2
U7,M49286,0
U7,M49824,2
U8,M2,3
U8,M10,1
U8,M11,3
U8,M21,3
U8,M32,2
U8,M34,4
U8,M39,2
U8,M47,3
U8,M50,4
U8,M110,2
U8,M141,2
U8,M150,3
U8,M153,1
U8,M185,4
U8,M186,3
U8,M208,2
U8,M231,3
U8,M235,2
U8,M236,2
U8,M252,2
U8,M253,4
U8,M282,2
U8,M292,2
U8,M296,3
U8,M317,2
U8,M318,4
U8,M339,2
U8,M356,2
U8,M357,4
U8,M364,4
U8,M367,2
U8,M377,3
U8,M380,4
U8,M432,0
U8,M440,2
U8,M454,3
U8,M457,2
U8,M480,3
U8,M500,1
U8,M527,4
U8,M539,2
U8,M586,2
U8,M587,2
U8,M590,4
U8,M592,2
U8,M593,3
U8,M597,2
U9,M41,2
U9,M187,2
U9,M223,3
U9,M371,2
U9,M627,2
U9,M922,3
U9,M923,4
U9,M1037,1
U9,M1095,3
U9,M1198,4
U9,M1270,4
U9,M1674,3
U9,M1987,1
U9,M2011,2
U9,M2012,3
U9,M2023,2
U9,M2300,4
U9,M2877,2
U9,M2901,1
U9,M3173,1
U9,M3328,2
U9,M3735,2
U9,M4131,0
U9,M4558,0
U9,M4993,4
U9,M5218,3
U9,M5378,2
U9,M5445,3
U9,M5447,3
U9,M5451,3
U9,M5481,4
U9,M5507,0
U9,M5841,0
U9,M5843,2
U9,M5872,2
U9,M5890,3
U9,M5891,0
U9,M5893,3
U9,M5902,4
U9,M5952,4
U9,M5956,3
U9,M5962,0
U9,M5965,3
U9,M5988,1
U9,M6001,3
U9,M6044,1
U10,M296,0
U10,M356,2
U10,M588,3
U10,M597,2
U10,M912,3
U10,M1028,0
U10,M1088,2
U10,M1247,2
U10,M1307,2
U10,M1784,2
U10,M1907,3
U10,M2571,0
U10,M2671,2
U10,M2762,0
U10,M2858,0
U10,M2959,0
U10,M3578,3
U10,M3882,2
U10,M4246,2
U10,M4306,3
U10,M4447,3
U10,M4993,3
U10,M4995,3
U10,M5066,2
U10,M5377,2
U10,M5620,2
U10,M5943,2
U10,M5952,3
U10,M5957,2
U10,M6155,2
U10,M6266,2
U10,M6377,2
U10,M6535,3
U10,M6942,3
U10,M7149,3
U10,M7151,2
U10,M7153,3
U10,M7154,3
U10,M7169,3
U10,M7293,2
U10,M7375,3
U10,M7451,2
U10,M7458,4
U10,M8529,2
U10,M8533,4
U10,M8636,2
U10,M8665,2
U10,M8808,2
U10,M8869,4
U10,M8961,1
U10,M8969,2
U10,M8970,0
U10,M30749,2
U10,M31433,1
U10,M31685,3
U10,M33145,2
U10,M33679,2
U10,M33794,4
U10,M40629,2
U10,M40819,3
U10,M41285,1
U10,M47099,2
U10,M49272,4
U10,M49286,4
U10,M51662,2
U10,M51705,3
U10,M51834,0
U10,M54286,2
U10,M56367,2
U10,M56949,2
U10,M58047,2
U10,M58559,3
U10,M59333,1
U10,M59421,1
U10,M60397,2
U10,M60950,1
U10,M61250,1
U10,M63113,2
U10,M63992,3
U10,M64969,0
U10,M66203,2
U10,M68954,3
U10,M69406,3
U10,M69844,2
U10,M70183,2
U10,M70293,0
U10,M71579,4
U10,M72011,1
U10,M72330,2
U10,M72407,2
U10,M72720,2
U10,M72737,2
U10,M72998,1
U10,M73017,2
U10,M74450,2
U10,M77841,1
U10,M78772,2
U10,M79091,4
U10,M80549,2
U10,M81784,1
U10,M81845,4
U10,M81847,2
U10,M82167,2
U10,M82499,1
U10,M84374,2
U10,M86548,2
U10,M87222,2
U10,M88163,3
U10,M88810,2
U10,M91104,2
U10,M91529,4
U10,M92259,4
U10,M94070,3
U10,M95167,3
U10,M95449,3
U10,M95510,2
U10,M95543,2
U10,M96079,4
U10,M97024,0
U10,M97938,0
U10,M98203,2
U10,M103335,3
U10,M103339,3
U10,M104374,3
U10,M105211,1
U10,M106489,2
U10,M106696,3
U10,M106782,0
U10,M107141,1
U10,M109374,0
U10,M109487,0
U10,M109853,3
U10,M112006,3
U10,M113275,3
U10,M113394,3
U10,M119145,0
U10,M129428,2
U10,M136020,4
U10,M137595,3
U10,M140110,4
U11,M6,4
U11,M10,2
U11,M36,3
U11,M44,1
U11,M95,2
U11,M110,4
U11,M150,4
U11,M153,2
U11,M165,2
U11,M170,3
U11,M208,2
U11,M292,3
U11,M318,3
U11,M349,4
U11,M356,4
U11,M368,2
U11,M376,1
U11,M377,2
U11,M380,3
U11,M434,2
U11,M457,4
U11,M466,2
U11,M474,3
U11,M480,3
U11,M493,2
U11,M511,3
U11,M529,4
U11,M589,3
U11,M593,4
U11,M648,3
U11,M733,3
U11,M736,3
U11,M780,3
U11,M1100,2
U11,M1101,4
U11,M1210,3
U11,M1358,3
U11,M1370,2
U11,M1385,2
U11,M1391,0
U11,M1408,4
U11,M1438,2
U11,M1518,3
U11,M1552,3
U11,M1573,2
U11,M1584,4
U11,M1586,3
U11,M1597,3
U11,M1604,3
U11,M1608,3
U11,M1616,2
U11,M1687,2
U11,M1693,4
U11,M1704,3
U11,M1721,4
U11,M1784,4
U11,M1840,3
U11,M1882,1
U11,M1917,3
U11,M1918,3
U11,M1923,3
U11,M2002,1
U11,M2027,2
U11,M2028,4
U12,M39,3
U12,M168,4
U12,M222,4
U12,M256,4
U12,M261,3
U12,M277,2
U12,M357,2
U12,M543,2
U12,M830,3
U12,M838,4
U12,M920,3
U12,M1265,2
U12,M1357,4
U12,M1405,2
U12,M1721,4
U12,M1876,2
U12,M2072,4
U12,M2100,2
U12,M2421,2
U12,M2485,4
U12,M2572,4
U12,M2581,4
U12,M2694,3
U12,M2717,4
U12,M3668,4
U12,M3967,3
U12,M4018,3
U12,M5620,3
U12,M6942,4
U12,M8533,4
U12,M40629,4
U12,M63992,4
U13,M47,4
U13,M305,0
U13,M597,2
U13,M1173,2
U13,M1198,4
U13,M1590,3
U13,M1619,2
U13,M1639,3
U13,M1721,3
U13,M2145,2
U13,M2174,2
U13,M2541,1
U13,M2571,4
U13,M3300,3
U13,M3409,1
U13,M3513,2
U13,M3578,4
U13,M3624,3
U13,M3717,2
U13,M3753,3
U13,M3793,3
U13,M3798,3
U13,M3827,3
U13,M3863,3
U13,M3893,2
U13,M3897,3
U13,M3952,2
U13,M3977,2
U13,M3996,4
U13,M4011,4
U13,M4148,3
U14,M4,2
U14,M7,2
U14,M19,0
U14,M25,3
U14,M32,3
U14,M39,2
U14,M47,4
U14,M95,4
U14,M105,2
U14,M110,4
U14,M150,3
U14,M153,1
U14,M193,2
U14,M231,2
U14,M266,4
U14,M282,4
U14,M288,3
U14,M296,2
U14,M318,2
U14,M337,4
U14,M339,3
U14,M344,1
U14,M351,2
U14,M356,3
U14,M367,0
U14,M376,3
U14,M377,2
U14,M383,3
U14,M434,3
U14,M448,2
U14,M455,2
U14,M477,3
U14,M480,2
U14,M491,2
U14,M508,2
U14,M509,4
U14,M524,2
U14,M527,2
U14,M539,3
U14,M540,2
U14,M552,2
U14,M553,3
U14,M586,2
U14,M590,3
U14,M592,1
U14,M593,3
U14,M597,2
U14,M784,0
U15,M1,1
U15,M44,0
U15,M47,2
U15,M158,0
U15,M172,0
U15,M256,2
U15,M260,4
U15,M293,2
U15,M296,3
U15,M318,4
U15,M355,0
U15,M356,4
U15,M364,2
U15,M527,4
U15,M588,2
U15,M589,4
U15,M596,1
U15,M780,2
U15,M849,1
U15,M858,3
U15,M1196,4
U15,M1198,3
U15,M1200,4
U15,M1210,4
U15,M1214,4
U15,M1240,3
U15,M1265,2
U15,M1270,4
U15,M1347,2
U15,M1527,2
U15,M1653,3
U15,M1909,1
U15,M2001,4
U15,M2011,4
U15,M2012,3
U15,M2028,2
U15,M2081,2
U15,M2085,0
U15,M2150,4
U15,M2278,1
U15,M2329,3
U15,M2571,3
U15,M2762,2
U15,M2858,3
U15,M2916,3
U15,M2959,1
U15,M3147,4
U15,M3156,4
U15,M3499,3
U15,M3510,4
U15,M3535,2
U15,M3555,3
U15,M3578,4
U15,M3617,0
U15,M3753,2
U15,M3949,3
U15,M3994,2
U15,M4018,3
U15,M4022,2
U15,M4226,0
U15,M4306,2
U15,M4370,3
U15,M4720,4
U15,M4886,2
U15,M4993,2
U15,M4995,4
U15,M5445,3
U15,M5618,2
U15,M5952,2
U15,M5971,1
U15,M5989,4
U15,M6377,2
U15,M6502,2
U15,M6874,2
U15,M7254,2
U15,M7438,2
U15,M8360,1
U15,M8644,2
U15,M8961,1
U15,M33493,4
U15,M48304,3
U15,M48774,2
U15,M48780,3
U15,M50872,2
U15,M56174,2
U15,M58559,1
U15,M59315,1
U15,M60069,2
U15,M63859,2
U15,M64614,3
U15,M68237,2
U15,M68954,2
U15,M69757,3
U15,M70286,2
U15,M71057,3
U15,M71264,1
U15,M72998,2
U15,M79132,2
U15,M84152,4
U15,M84954,3
U15,M85414,2
U15,M89745,1
U15,M91500,2
U15,M91529,1
U15,M94864,2
U15,M96610,2
U15,M97938,3
U15,M99114,0
U15,M101864,3
U15,M103249,2
U15,M104841,3
U15,M105504,3
U15,M109374,1
U15,M109487,3
U15,M110102,0
U15,M111759,3
U15,M112556,3
U15,M112852,0
U15,M115149,1
U15,M115713,1
U15,M120466,1
U15,M122882,1
U15,M122886,4
U15,M122904,1
U15,M122922,1
U15,M122924,0
U15,M134130,3
U15,M134853,3
U15,M143385,2
U15,M152077,4
U15,M152081,2
U15,M158872,2
U15,M160980,2
U15,M166528,4
U15,M166635,2
U16,M47,2
U16,M50,3
U16,M111,3
U16,M204,1
U16,M260,2
U16,M293,3
U16,M296,2
U16,M318,3
U16,M319,3
U16,M356,2
U16,M527,3
U16,M541,3
U16,M593,2
U16,M608,3
U16,M678,3
U16,M745,3
U16,M750,3
U16,M849,3
U16,M858,1
U16,M904,2
U16,M912,2
U16,M913,3
U16,M923,2
U16,M1089,3
U16,M1136,3
U16,M1147,3
U16,M1148,3
U16,M1186,2
U16,M1188,1
U16,M1193,3
U16,M1196,2
U16,M1197,3
U16,M1198,2
U16,M1199,4
U16,M1201,2
U16,M1203,3
U16,M1207,3
U16,M1208,3
U16,M1213,2
U16,M1214,3
U16,M1219,2
U16,M1222,3
U16,M1223,3
U16,M1230,3
U16,M1247,3
U16,M1252,3
U16,M1260,3
U16,M1261,3
U16,M1267,3
U16,M1276,3
U16,M1281,2
U16,M1299,3
U16,M1617,2
U16,M1680,2
U16,M1704,2
U16,M2019,3
U16,M2109,2
U16,M2329,2
U16,M2427,0
U16,M2490,2
U16,M2571,2
U16,M2641,2
U16,M2707,2
U16,M2723,2
U16,M2762,2
U16,M2858,2
U16,M2959,2
U16,M3000,3
U16,M3022,2
U16,M3108,3
U16,M3174,2
U16,M3429,2
U16,M3683,3
U16,M3741,3
U16,M3949,3
U16,M4002,2
U16,M4011,2
U16,M4226,3
U16,M4878,2
U16,M4973,3
U16,M4993,2
U16,M5618,3
U16,M5782,3
U16,M5952,2
U16,M5971,3
U16,M6350,2
U16,M7099,2
U16,M7153,2
U16,M7361,2
U16,M27611,3
U16,M27773,3
U16,M48394,3
U16,M58559,3
U16,M60069,3
U16,M68954,3
U16,M78499,3
U16,M79132,2
U16,M91529,3
U17,M1,3
U17,M44,2
U17,M47,3
U17,M50,3
U17,M110,3
U17,M111,3
U17,M150,2
U17,M260,4
U17,M293,2
U17,M296,4
U17,M318,4
U17,M356,4
U17,M480,3
U17,M527,3
U17,M541,2
U17,M589,3
U17,M590,3
U17,M592,3
U17,M593,3
U17,M750,3
U17,M780,3
U17,M858,4
U17,M899,2
U17,M904,3
U17,M910,2
U17,M1032,3
U17,M1036,3
U17,M1089,3
U17,M1090,3
U17,M1093,3
U17,M1100,2
U17,M1193,3
U17,M1196,4
U17,M1197,2
U17,M1198,3
U17,M1201,4
U17,M1206,4
U17,M1209,2
U17,M1210,4
U17,M1213,3
U17,M1221,3
U17,M1222,3
U17,M1228,3
U17,M1234,3
U17,M1240,4
U17,M1252,3
U17,M1258,3
U17,M1259,3
U17,M1263,3
U17,M1270,3
U17,M1291,3
U17,M1358,2
U17,M1375,2
U17,M1405,3
U17,M1466,2
U17,M1732,4
U17,M1967,3
U17,M2005,3
U17,M2019,2
U17,M2028,3
U17,M2194,3
U17,M2329,3
U17,M2502,3
U17,M2571,4
U17,M2717,2
U17,M2762,3
U17,M2858,3
U17,M2959,3
U17,M3039,3
U17,M3147,3
U17,M3263,3
U17,M3435,2
U17,M3508,3
U17,M3681,3
U17,M3702,2
U17,M3949,3
U17,M4226,3
U17,M4571,3
U17,M4993,3
U17,M5618,4
U17,M5782,3
U17,M5952,4
U17,M5971,3
U17,M6016,3
U17,M6350,4
U17,M6870,2
U17,M7099,4
U17,M7153,3
U17,M7482,3
U17,M27773,3
U17,M31658,3
U17,M33794,3
U17,M48394,3
U17,M48516,3
U17,M58559,3
U17,M60069,2
U17,M64839,2
U17,M68157,3
U17,M68358,3
U17,M77455,2
U17,M78499,3
U17,M79132,3
U17,M80463,3
U17,M81932,2
U17,M82459,3
U18,M1,2
U18,M2,2
U18,M6,3
U18,M16,3
U18,M32,3
U18,M34,1
U18,M36,3
U18,M47,3
U18,M50,4
U18,M70,2
U18,M104,1
U18,M110,3
U18,M111,3
U18,M145,2
U18,M163,3
U18,M165,3
U18,M180,3
U18,M208,2
U18,M223,3
U18,M231,1
U18,M235,3
U18,M260,3
U18,M288,3
U18,M293,3
U18,M296,3
U18,M318,4
U18,M329,3
U18,M337,3
U18,M344,1
U18,M356,3
U18,M364,2
U18,M367,1
U18,M370,2
U18,M374,1
U18,M377,1
U18,M380,1
U18,M431,3
U18,M435,1
U18,M442,2
U18,M457,2
U18,M466,1
U18,M480,2
U18,M500,2
U18,M502,1
U18,M508,3
U18,M527,3
U18,M541,3
U18,M555,3
U18,M586,2
U18,M588,2
U18,M589,3
U18,M590,3
U18,M593,3
U18,M595,2
U18,M608,3
U18,M628,2
U18,M648,2
U18,M653,2
U18,M673,2
U18,M745,3
U18,M778,3
U18,M780,3
U18,M784,1
U18,M849,2
U18,M858,3
U18,M904,3
U18,M908,3
U18,M913,3
U18,M919,3
U18,M923,4
U18,M924,3
U18,M1020,2
U18,M1036,3
U18,M1059,2
U18,M1080,3
U18,M1086,3
U18,M1089,3
U18,M1095,3
U18,M1136,3
U18,M1148,3
U18,M1193,3
U18,M1196,3
U18,M1198,3
U18,M1201,4
U18,M1203,4
U18,M1206,3
U18,M1207,3
U18,M1208,2
U18,M1209,4
U18,M1210,3
U18,M1212,3
U18,M1213,3
U18,M1214,3
U18,M1219,3
U18,M1221,4
U18,M1222,3
U18,M1223,3
U18,M1227,3
U18,M1234,3
U18,M1240,3
U18,M1245,3
U18,M1246,3
U18,M1247,3
U18,M1252,3
U18,M1260,3
U18,M1270,3
U18,M1275,2
U18,M1276,3
U18,M1291,3
U18,M1356,3
U18,M1370,2
U18,M1371,3
U18,M1374,3
U18,M1375,2
U18,M1391,2
U18,M1466,3
U18,M1517,1
U18,M1527,2
U18,M1544,2
U18,M1580,2
U18,M1608,2
U18,M1617,3
U18,M1625,2
U18,M1653,2
U18,M1676,2
U18,M1682,2
U18,M1704,3
U18,M1721,3
U18,M1729,3
U18,M1732,3
U18,M1784,2
U18,M1805,2
U18,M1892,3
U18,M1917,2
U18,M1918,2
U18,M1924,1
U18,M1954,3
U18,M1961,3
U18,M2000,3
U18,M2001,2
U18,M2002,2
U18,M2011,2
U18,M2012,2
U18,M2019,3
U18,M2028,3
U18,M2058,2
U18,M2115,3
U18,M2184,2
U18,M2194,2
U18,M2268,3
U18,M2278,2
U18,M2291,3
U18,M2324,3
U18,M2329,3
U18,M2409,3
U18,M2410,2
U18,M2411,2
U18,M2412,2
U18,M2420,3
U18,M2421,2
U18,M2422,2
U18,M2470,2
U18,M2490,2
U18,M2542,3
U18,M2571,3
U18,M2683,1
U18,M2692,2
U18,M2706,2
U18,M2762,3
U18,M2918,2
U18,M2951,3
U18,M2953,2
U18,M2959,3
U18,M2997,3
U18,M3052,3
U18,M3081,3
U18,M3147,3
U18,M3253,2
U18,M3257,2
U18,M3275,3
U18,M3462,3
U18,M3578,3
U18,M3681,3
U18,M3702,2
U18,M3751,2
U18,M3785,1
U18,M3793,3
U18,M3896,3
U18,M3949,3
U18,M3994,1
U18,M4007,3
U18,M4011,3
U18,M4226,3
U18,M4239,3
U18,M4262,3
U18,M4306,3
U18,M4327,3
U18,M4383,3
U18,M4643,2
U18,M4728,2
U18,M4816,2
U18,M4886,3
U18,M4896,2
U18,M4963,3
U18,M4973,3
U18,M4993,3
U18,M4995,3
U18,M5008,3
U18,M5120,3
U18,M5218,3
U18,M5266,2
U18,M5349,3
U18,M5418,3
U18,M5445,3
U18,M5459,1
U18,M5464,3
U18,M5481,2
U18,M5574,2
U18,M5608,3
U18,M5669,2
U18,M5679,3
U18,M5816,2
U18,M5903,2
U18,M5944,1
U18,M5952,2
U18,M5956,3
U18,M5989,3
U18,M5995,3
U18,M6287,2
U18,M6300,3
U18,M6333,3
U18,M6365,2
U18,M6373,2
U18,M6377,3
U18,M6378,2
U18,M6440,3
U18,M6534,2
U18,M6539,3
U18,M6548,1
U18,M6709,2
U18,M6787,3
U18,M6807,3
U18,M6863,2
U18,M6870,3
U18,M6874,2
U18,M6888,0
U18,M6934,2
U18,M7018,2
U18,M7147,3
U18,M7153,3
U18,M7254,3
U18,M7293,2
U18,M7317,2
U18,M7318,1
U18,M7323,2
U18,M7361,3
U18,M7373,2
U18,M7438,2
U18,M7753,2
U18,M7843,3
U18,M8117,3
U18,M8360,2
U18,M8361,2
U18,M8368,2
U18,M8641,1
U18,M8644,2
U18,M8665,3
U18,M8784,2
U18,M8798,3
U18,M8917,2
U18,M8950,3
U18,M8957,2
U18,M8958,3
U18,M8961,2
U18,M8984,2
U18,M26444,2
U18,M26614,2
U18,M27689,1
U18,M27716,3
U18,M27773,2
U18,M27831,2
U18,M27878,3
U18,M30793,3
U18,M30812,3
U18,M31685,1
U18,M32460,2
U18,M32587,2
U18,M33004,2
U18,M33615,2
U18,M33794,3
U18,M34150,2
U18,M34405,2
U18,M36519,2
U18,M36529,3
U18,M37386,0
U18,M37729,3
U18,M37733,3
U18,M37741,3
U18,M38038,3
U18,M38061,3
U18,M40819,3
U18,M44022,2
U18,M44191,3
U18,M44199,3
U18,M44555,3
U18,M44665,3
U18,M45499,3
U18,M45517,2
U18,M45722,3
U18,M46578,2
U18,M46965,0
U18,M47200,2
U18,M47491,3
U18,M48394,3
U18,M48516,3
U18,M48780,3
U18,M49651,2
U18,M50872,2
U18,M51357,3
U18,M51540,3
U18,M51662,2
U18,M52604,3
U18,M53125,2
U18,M53129,2
U18,M53318,1
U18,M53464,1
U18,M53972,2
U18,M53996,2
U18,M54272,2
U18,M54286,3
U18,M55118,3
U18,M55247,2
U18,M55276,3
U18,M55290,3
U18,M55765,3
U18,M56757,3
U18,M57528,1
U18,M57640,2
U18,M57669,3
U18,M58295,2
U18,M58299,3
U18,M58559,3
U18,M59315,3
U18,M59615,1
U18,M59784,3
U18,M60040,2
U18,M60074,1
U18,M60684,2
U18,M60756,2
U18,M62434,2
U18,M63131,2
U18,M64197,3
U18,M64614,2
U18,M64839,2
U18,M64957,2
U18,M65596,3
U18,M66934,3
U18,M67255,3
U18,M68073,3
U18,M68157,2
U18,M68159,3
U18,M68319,3
U18,M68358,2
U18,M68954,3
U18,M69122,2
U18,M69640,3
U18,M69757,3
U18,M69951,2
U18,M70286,2
U18,M71108,3
U18,M71156,2
U18,M71899,3
U18,M72011,2
U18,M72378,2
U18,M72998,3
U18,M73017,3
U18,M73268,2
U18,M73321,2
U18,M73323,3
U18,M73499,2
U18,M74458,3
U18,M74510,3
U18,M74789,2
U18,M74948,3
U18,M76077,2
U18,M76175,1
U18,M76251,3
U18,M77561,3
U18,M78469,2
U18,M78499,3
U18,M79132,3
U18,M79293,2
U18,M79592,2
U18,M79695,2
U18,M79702,3
U18,M80219,2
U18,M80489,3
U18,M81788,3
U18,M83349,2
U18,M84392,3
U18,M85354,3
U18,M85414,2
U18,M86190,2
U18,M86332,2
U18,M86628,3
U18,M86880,2
U18,M87232,3
U18,M88094,2
U18,M88129,2
U18,M88140,3
U18,M89745,3
U18,M90600,3
U18,M91485,2
U18,M91500,3
U18,M91529,3
U18,M91542,3
U18,M91658,2
U18,M92094,2
U18,M95441,1
U18,M96432,3
U18,M96488,3
U18,M96610,2
U18,M96655,3
U18,M97752,2
U18,M97938,2
U18,M98124,3
U18,M98585,2
U18,M98809,3
U18,M99114,3
U18,M99728,2
U18,M99813,3
U18,M102125,2
U18,M102445,3
U18,M102903,3
U18,M103253,2
U18,M103772,3
U18,M104241,2
U18,M104879,2
U18,M106072,2
U18,M106487,3
U18,M106489,2
U18,M106782,2
U18,M106839,3
U18,M107846,2
U18,M109374,3
U18,M109487,3
U18,M110102,2
U18,M111362,3
U18,M111759,2
U18,M112183,2
U18,M112334,3
U18,M112421,3
U18,M112552,3
U18,M112852,3
U18,M114060,2
U18,M114066,3
U18,M115713,3
U18,M116797,3
U18,M116823,2
U18,M117176,3
U18,M118900,2
U18,M119145,3
U18,M122886,3
U18,M122892,2
U18,M122900,3
U18,M122904,2
U18,M122918,3
U18,M122920,2
U18,M122924,3
U18,M122926,2
U18,M128620,2
U18,M134130,3
U18,M134853,2
U18,M135569,2
U18,M139385,2
U18,M140289,3
U18,M141688,3
U18,M142488,3
U18,M144210,3
U18,M145283,2
U18,M148626,3
U18,M150548,3
U18,M155168,3
U18,M157108,3
U18,M157110,3
U18,M158238,3
U18,M158972,2
U18,M159093,2
U18,M160438,2
U18,M161582,3
U18,M162350,2
U18,M162606,2
U18,M164179,2
U18,M166015,2
U18,M166635,3
U18,M168252,3
U18,M171023,3
U18,M176101,2
U18,M177593,3
U18,M180095,2
U18,M180777,3
U18,M185135,3
U19,M1,3
U19,M2,2
U19,M3,2
U19,M7,1
U19,M10,1
U19,M12,0
U19,M13,2
U19,M15,1
U19,M19,1
U19,M32,3
U19,M34,3
U19,M44,2
U19,M47,2
U19,M48,0
U19,M54,1
U19,M64,1
U19,M65,1
U19,M70,1
U19,M87,1
U19,M92,1
U19,M102,0
U19,M104,1
U19,M107,1
U19,M118,2
U19,M135,2
U19,M141,0
U19,M153,1
U19,M158,2
U19,M161,1
U19,M165,2
U19,M170,2
U19,M173,0
U19,M185,1
U19,M186,1
U19,M196,1
U19,M208,1
U19,M216,1
U19,M223,2
U19,M231,1
U19,M235,3
U19,M252,2
U19,M253,2
U19,M256,0
U19,M258,2
U19,M260,3
U19,M273,0
U19,M289,1
U19,M291,1
U19,M293,3
U19,M295,2
U19,M316,1
U19,M319,0
U19,M325,1
U19,M328,1
U19,M329,1
U19,M330,2
U19,M332,1
U19,M333,1
U19,M338,1
U19,M339,2
U19,M344,1
U19,M348,1
U19,M350,1
U19,M351,1
U19,M353,4
U19,M356,1
U19,M357,3
U19,M362,1
U19,M364,2
U19,M366,1
U19,M367,3
U19,M368,2
U19,M370,2
U19,M372,0
U19,M374,1
U19,M377,3
U19,M378,2
U19,M379,1
U19,M380,2
U19,M407,2
U19,M410,1
U19,M414,1
U19,M420,1
U19,M422,2
U19,M423,2
U19,M427,2
U19,M432,2
U19,M434,2
U19,M435,1
U19,M440,2
U19,M442,2
U19,M445,1
U19,M450,1
U19,M455,1
U19,M457,3
U19,M466,2
U19,M468,2
U19,M472,1
U19,M474,2
U19,M480,1
U19,M485,1
U19,M486,1
U19,M490,1
U19,M494,1
U19,M497,2
U19,M500,1
U19,M512,1
U19,M513,2
U19,M520,1
U19,M537,0
U19,M539,2
U19,M540,0
U19,M541,3
U19,M542,1
U19,M543,2
U19,M546,1
U19,M551,4
U19,M558,1
U19,M575,1
U19,M586,2
U19,M587,2
U19,M588,2
U19,M589,4
U19,M592,4
U19,M597,2
U19,M606,1
U19,M610,2
U19,M611,1
U19,M627,1
U19,M637,1
U19,M640,0
U19,M648,2
U19,M653,1
U19,M661,2
U19,M671,1
U19,M673,0
U19,M674,3
U19,M708,2
U19,M709,1
U19,M711,2
U19,M719,1
U19,M720,3
U19,M724,3
U19,M733,2
U19,M736,1
U19,M742,2
U19,M743,1
U19,M745,3
U19,M761,2
U19,M762,0
U19,M783,3
U19,M785,1
U19,M788,1
U19,M798,1
U19,M799,2
U19,M810,0
U19,M818,3
U19,M829,1
U19,M830,1
U19,M832,1
U19,M837,3
U19,M839,0
U19,M842,1
U19,M849,1
U19,M852,3
U19,M866,1
U19,M879,0
U19,M880,1
U19,M881,0
U19,M903,4
U19,M904,4
U19,M906,2
U19,M910,3
U19,M911,2
U19,M913,4
U19,M915,1
U19,M921,2
U19,M924,2
U19,M930,2
U19,M931,3
U19,M933,3
U19,M965,1
U19,M984,1
U19,M986,2
U19,M1016,2
U19,M1020,2
U19,M1021,1
U19,M1028,1
U19,M1031,1
U19,M1032,0
U19,M1037,0
U19,M1047,2
U19,M1049,1
U19,M1057,2
U19,M1064,1
U19,M1073,3
U19,M1077,2
U19,M1079,3
U19,M1081,1
U19,M1086,3
U19,M1089,2
U19,M1092,1
U19,M1097,4
U19,M1127,2
U19,M1129,2
U19,M1136,2
U19,M1148,3
U19,M1179,1
U19,M1193,3
U19,M1196,3
U19,M1197,4
U19,M1198,4
U19,M1200,2
U19,M1210,2
U19,M1214,3
U19,M1215,2
U19,M1219,3
U19,M1234,3
U19,M1238,2
U19,M1240,3
U19,M1256,3
U19,M1257,2
U19,M1258,1
U19,M1259,2
U19,M1265,3
U19,M1267,2
U19,M1269,3
U19,M1270,3
U19,M1278,3
U19,M1285,4
U19,M1291,4
U19,M1297,3
U19,M1307,2
U19,M1322,1
U19,M1324,1
U19,M1330,1
U19,M1333,2
U19,M1339,1
U19,M1342,1
U19,M1345,2
U19,M1346,1
U19,M1347,1
U19,M1355,1
U19,M1356,2
U19,M1359,2
U19,M1367,0
U19,M1371,2
U19,M1372,4
U19,M1373,0
U19,M1374,4
U19,M1375,2
U19,M1376,3
U19,M1377,2
U19,M1378,2
U19,M1379,1
U19,M1380,2
U19,M1391,2
U19,M1394,2
U19,M1396,2
U19,M1405,1
U19,M1407,2
U19,M1409,2
U19,M1427,0
U19,M1441,2
U19,M1456,1
U19,M1457,2
U19,M1461,2
U19,M1474,1
U19,M1479,2
U19,M1485,2
U19,M1489,1
U19,M1499,0
U19,M1500,1
U19,M1517,2
U19,M1527,4
U19,M1542,1
U19,M1544,0
U19,M1550,1
U19,M1551,1
U19,M1552,2
U19,M1556,0
U19,M1562,0
U19,M1566,3
U19,M1569,2
U19,M1573,3
U19,M1580,1
U19,M1583,2
U19,M1584,2
U19,M1588,1
U19,M1590,0
U19,M1591,1
U19,M1593,1
U19,M1597,1
U19,M1603,1
U19,M1610,2
U19,M1614,1
U19,M1617,3
U19,M1625,3
U19,M1644,1
U19,M1645,1
U19,M1648,1
U19,M1653,3
U19,M1658,4
U19,M1663,2
U19,M1665,0
U19,M1676,1
U19,M1679,1
U19,M1681,2
U19,M1688,2
U19,M1689,1
U19,M1690,0
U19,M1702,2
U19,M1717,2
U19,M1718,1
U19,M1722,2
U19,M1732,2
U19,M1747,1
U19,M1748,2
U19,M1754,1
U19,M1777,2
U19,M1779,1
U19,M1783,0
U19,M1784,1
U19,M1798,0
U19,M1805,2
U19,M1806,1
U19,M1812,2
U19,M1816,0
U19,M1831,1
U19,M1834,2
U19,M1845,2
U19,M1848,1
U19,M1855,1
U19,M1862,0
U19,M1881,0
U19,M1882,1
U19,M1885,1
U19,M1888,1
U19,M1891,1
U19,M1892,1
U19,M1894,1
U19,M1895,1
U19,M1906,1
U19,M1907,2
U19,M1909,2
U19,M1911,1
U19,M1917,1
U19,M1918,2
U19,M1919,1
U19,M1920,2
U19,M1921,2
U19,M1923,3
U19,M1924,1
U19,M1963,2
U19,M1967,4
U19,M1968,1
U19,M1970,2
U19,M1971,2
U19,M1972,0
U19,M1973,1
U19,M1991,1
U19,M1994,2
U19,M2000,2
U19,M2001,1
U19,M2002,2
U19,M2003,2
U19,M2004,2
U19,M2005,3
U19,M2011,1
U19,M2012,2
U19,M2014,1
U19,M2015,2
U19,M2016,2
U19,M2026,1
U19,M2027,0
U19,M2033,2
U19,M2034,1
U19,M2036,1
U19,M2037,3
U19,M2040,1
U19,M2041,3
U19,M2044,2
U19,M2046,1
U19,M2048,2
U19,M2052,1
U19,M2053,1
U19,M2054,2
U19,M2060,2
U19,M2065,1
U19,M2072,1
U19,M2078,1
U19,M2081,3
U19,M2082,2
U19,M2088,2
U19,M2092,1
U19,M2094,3
U19,M2097,2
U19,M2100,2
U19,M2105,2
U19,M2108,2
U19,M2110,2
U19,M2111,2
U19,M2115,2
U19,M2118,1
U19,M2123,2
U19,M2133,2
U19,M2134,1
U19,M2137,3
U19,M2139,2
U19,M2140,3
U19,M2143,2
U19,M2144,2
U19,M2145,1
U19,M2148,1
U19,M2150,2
U19,M2153,2
U19,M2167,2
U19,M2169,1
U19,M2171,1
U19,M2174,3
U19,M2184,2
U19,M2186,3
U19,M2193,2
U19,M2203,2
U19,M2206,2
U19,M2227,2
U19,M2232,2
U19,M2243,1
U19,M2244,1
U19,M2245,2
U19,M2248,2
U19,M2249,2
U19,M2253,3
U19,M2255,1
U19,M2261,1
U19,M2263,1
U19,M2266,2
U19,M2267,1
U19,M2279,1
U19,M2287,2
U19,M2294,2
U19,M2302,2
U19,M2315,1
U19,M2320,2
U19,M2321,2
U19,M2328,1
U19,M2335,2
U19,M2338,0
U19,M2354,1
U19,M2355,2
U19,M2359,3
U19,M2369,1
U19,M2371,3
U19,M2372,0
U19,M2374,1
U19,M2375,1
U19,M2387,2
U19,M2393,2
U19,M2394,2
U19,M2396,3
U19,M2406,2
U19,M2407,1
U19,M2413,2
U19,M2414,2
U19,M2416,2
U19,M2418,1
U19,M2423,3
U19,M2424,1
U19,M2428,2
U19,M2446,1
U19,M2450,1
U19,M2453,2
U19,M2455,1
U19,M2458,1
U19,M2463,1
U19,M2465,0
U19,M2467,2
U19,M2468,1
U19,M2470,2
U19,M2478,1
U19,M2485,2
U19,M2490,2
U19,M2491,3
U19,M2496,2
U19,M2502,1
U19,M2513,0
U19,M2518,1
U19,M2528,1
U19,M2539,1
U19,M2548,1
U19,M2550,2
U19,M2555,0
U19,M2558,1
U19,M2571,3
U19,M2572,2
U19,M2581,2
U19,M2605,1
U19,M2606,3
U19,M2614,0
U19,M2617,2
U19,M2622,2
U19,M2628,2
U19,M2640,2
U19,M2641,2
U19,M2642,0
U19,M2643,0
U19,M2657,2
U19,M2668,1
U19,M2672,2
U19,M2683,2
U19,M2687,1
U19,M2694,1
U19,M2699,2
U19,M2700,3
U19,M2701,0
U19,M2706,2
U19,M2709,1
U19,M2710,1
U19,M2716,3
U19,M2717,0
U19,M2719,1
U19,M2720,0
U19,M2722,1
U19,M2723,4
U19,M2733,1
U19,M2746,2
U19,M2754,0
U19,M2762,3
U19,M2763,3
U19,M2788,1
U19,M2791,1
U19,M2793,1
U19,M2797,2
U19,M2802,2
U19,M2804,2
U19,M2806,1
U19,M2808,1
U19,M2822,1
U19,M2836,2
U19,M2840,1
U19,M2857,2
U19,M2858,3
U19,M2860,1
U19,M2867,2
U19,M2870,2
U19,M2883,2
U19,M2888,2
U19,M2898,1
U19,M2900,1
U19,M2901,0
U19,M2915,1
U19,M2916,2
U19,M2918,4
U19,M2936,3
U19,M2953,2
U19,M2959,4
U19,M2968,4
U19,M2985,2
U19,M2987,4
U19,M2995,1
U19,M2997,3
U19,M3005,1
U19,M3016,2
U19,M3017,1
U19,M3031,1
U19,M3032,2
U19,M3033,1
U19,M3034,2
U19,M3035,3
U19,M3039,2
U19,M3040,2
U19,M3044,2
U19,M3048,1
U19,M3052,2
U19,M3056,3
U19,M3063,1
U19,M3064,1
U19,M3070,4
U19,M3072,1
U19,M3081,2
U19,M3082,1
U19,M3087,2
U19,M3101,0
U19,M3104,1
U19,M3108,3
U19,M3113,1
U19,M3114,1
U19,M3146,0
U19,M3156,0
U19,M3175,3
U19,M3176,0
U19,M3190,0
U19,M3203,1
U19,M3213,3
U19,M3219,1
U19,M3225,2
U19,M3238,0
U19,M3243,2
U19,M3247,2
U19,M3248,1
U19,M3253,1
U19,M3254,1
U19,M3255,1
U19,M3257,1
U19,M3258,1
U19,M3263,1
U19,M3264,2
U19,M3269,1
U19,M3273,1
U19,M3300,2
U19,M3301,1
U19,M3308,1
U19,M3316,1
U19,M3324,1
U19,M3355,1
U19,M3358,4
U19,M3361,1
U19,M3370,1
U19,M3387,1
U19,M3393,0
U19,M3394,2
U19,M3395,2
U19,M3396,4
U19,M3397,1
U19,M3398,1
U19,M3400,2
U19,M3401,1
U19,M3409,1
U19,M3418,2
U19,M3421,3
U19,M3424,1
U19,M3440,1
U19,M3448,2
U19,M3450,2
U19,M3454,1
U19,M3466,1
U19,M3471,3
U19,M3476,2
U19,M3477,4
U19,M3479,2
U19,M3481,1
U19,M3483,1
U19,M3484,1
U19,M3489,1
U19,M3497,1
U19,M3499,2
U19,M3500,1
U19,M3501,1
U19,M3505,2
U19,M3510,2
U19,M3515,2
U19,M3526,1
U19,M3534,1
U19,M3535,1
U19,M3536,1
U19,M3548,1
U19,M3550,2
U19,M3551,2
U19,M3578,2
U19,M3584,1
U19,M3591,1
U19,M3594,1
U19,M3608,2
U19,M3622,2
U19,M3623,1
U19,M3624,2
U19,M3662,2
U19,M3671,2
U19,M3683,2
U19,M3685,2
U19,M3686,2
U19,M3692,2
U19,M3693,1
U19,M3698,1
U19,M3699,1
U19,M3701,1
U19,M3704,1
U19,M3705,1
U19,M3706,2
U19,M3708,1
U19,M3712,2
U19,M3717,1
U19,M3740,1
U19,M3743,1
U19,M3744,1
U19,M3745,3
U19,M3751,2
U19,M3752,2
U19,M3754,3
U19,M3763,2
U19,M3770,1
U19,M3784,1
U19,M3785,0
U19,M3793,3
U19,M3797,2
U19,M3798,1
U19,M3802,1
U19,M3809,2
U19,M3825,2
U19,M3826,0
U19,M3835,1
U19,M3837,0
U19,M3839,0
U20,M2,2
U20,M8,0
U20,M13,3
U20,M34,3
U20,M48,4
U20,M107,2
U20,M158,2
U20,M239,3
U20,M262,3
U20,M317,2
U20,M362,3
U20,M364,4
U20,M531,3
U20,M551,4
U20,M586,2
U20,M588,4
U20,M594,4
U20,M595,4
U20,M596,3
U20,M661,4
U20,M709,2
U20,M720,4
U20,M783,2
U20,M801,1
U20,M837,3
U20,M899,3
U20,M914,3
U20,M919,4
U20,M986,2
U20,M1010,2
U20,M1012,3
U20,M1013,3
U20,M1015,2
U20,M1018,2
U20,M1021,1
U20,M1022,3
U20,M1025,4
U20,M1028,3
U20,M1029,3
U20,M1030,2
U20,M1031,2
U20,M1032,2
U20,M1035,3
U20,M1073,4
U20,M1088,3
U20,M1097,4
U20,M1148,4
U20,M1282,3
U20,M1333,2
U20,M1367,2
U20,M1380,4
U20,M1489,3
U20,M1547,2
U20,M1566,3
U20,M1688,3
U20,M1722,2
U20,M1848,2
U20,M1876,1
U20,M1907,4
U20,M1919,2
U20,M1947,4
U20,M2005,4
U20,M2006,1
U20,M2018,3
U20,M2033,3
U20,M2048,2
U20,M2054,1
U20,M2059,2
U20,M2078,3
U20,M2080,3
U20,M2081,4
U20,M2083,4
U20,M2085,3
U20,M2087,3
U20,M2089,3
U20,M2090,2
U20,M2092,2
U20,M2096,3
U20,M2100,2
U20,M2116,1
U20,M2135,4
U20,M2137,3
U20,M2140,3
U20,M2141,3
U20,M2161,3
U20,M2167,1
U20,M2294,2
U20,M2300,4
U20,M2355,3
U20,M2394,4
U20,M2430,1
U20,M2565,2
U20,M2617,1
U20,M2657,4
U20,M2687,3
U20,M2700,3
U20,M2701,0
U20,M2709,4
U20,M2746,3
U20,M2761,3
U20,M2770,1
U20,M2804,4
U20,M2857,3
U20,M2941,3
U20,M2987,4
U20,M3034,4
U20,M3114,4
U20,M3157,2
U20,M3159,4
U20,M3189,2
U20,M3300,2
U20,M3301,2
U20,M3396,4
U20,M3397,4
U20,M3398,4
U20,M3408,2
U20,M3410,3
U20,M3438,3
U20,M3483,2
U20,M3510,2
U20,M3512,2
U20,M3535,0
U20,M3536,0
U20,M3549,4
U20,M3555,2
U20,M3565,2
U20,M3578,3
U20,M3615,1
U20,M3623,2
U20,M3624,1
U20,M3744,0
U20,M3751,4
U20,M3753,2
U20,M3755,3
U20,M3784,1
U20,M3793,2
U20,M3852,3
U20,M3882,1
U20,M3897,3
U20,M3948,2
U20,M3967,3
U20,M3972,2
U20,M3977,2
U20,M3986,1
U20,M3988,2
U20,M3990,0
U20,M3994,1
U20,M3996,2
U20,M3999,1
U20,M4014,3
U20,M4016,3
U20,M4019,3
U20,M4022,2
U20,M4025,2
U20,M4027,3
U20,M4029,3
U20,M4039,4
U20,M4054,1
U20,M4090,2
U20,M4154,3
U20,M4161,2
U20,M4226,2
U20,M4232,0
U20,M4246,4
U20,M4270,0
U20,M4299,2
U20,M4306,4
U20,M4308,2
U20,M4310,3
U20,M4344,2
U20,M4366,0
U20,M4367,0
U20,M4369,1
U20,M4370,2
U20,M4378,2
U20,M4446,2
U20,M4447,2
U20,M4449,1
U20,M4519,2
U20,M4638,0
U20,M4641,2
U20,M4643,2
U20,M4700,3
U20,M4718,2
U20,M4720,2
U20,M4734,0
U20,M4776,2
U20,M4783,2
U20,M4816,2
U20,M4821,0
U20,M4846,1
U20,M4848,0
U20,M4865,2
U20,M4886,3
U20,M4896,3
U20,M4901,2
U20,M4979,3
U20,M4990,3
U20,M4993,4
U20,M4995,4
U20,M5013,3
U20,M5014,3
U20,M5015,3
U20,M5103,3
U20,M5110,2
U20,M5171,1
U20,M5218,4
U20,M5254,2
U20,M5293,2
U20,M5299,3
U20,M5313,0
U20,M5349,2
U20,M5364,3
U20,M5378,3
U20,M5388,3
U20,M5418,2
U20,M5419,0
U20,M5445,3
U20,M5463,1
U20,M5481,0
U20,M5502,2
U20,M5504,0
U20,M5507,0
U20,M5618,4
U20,M5630,2
U20,M5679,2
U20,M5693,3
U20,M5785,3
U20,M5816,3
U20,M5952,4
U20,M5989,3
U20,M5991,4
U20,M6143,3
U20,M6156,2
U20,M6157,1
U20,M6166,0
U20,M6170,3
U20,M6297,3
U20,M6333,3
U20,M6345,4
U20,M6358,2
U20,M6365,3
U21,M1,2
U21,M2,2
U21,M10,4
U21,M19,1
U21,M38,1
U21,M44,0
U21,M48,2
U21,M145,2
U21,M165,2
U21,M170,1
U21,M260,3
U21,M293,2
U21,M296,2
U21,M355,3
U21,M356,3
U21,M364,3
U21,M367,2
U21,M370,4
U21,M435,0
U21,M480,3
U21,M500,1
U21,M541,2
U21,M551,0
U21,M586,1
U21,M588,3
U21,M589,2
U21,M592,2
U21,M597,3
U21,M648,3
U21,M719,2
U21,M733,2
U21,M743,3
U21,M745,2
U21,M780,2
U21,M858,1
U21,M902,2
U21,M1036,2
U21,M1148,2
U21,M1196,3
U21,M1198,3
U21,M1200,1
U21,M1210,3
U21,M1214,0
U21,M1221,1
U21,M1230,1
U21,M1240,2
U21,M1265,2
U21,M1270,4
U21,M1291,3
U21,M1370,2
U21,M1391,0
U21,M1527,1
U21,M1544,3
U21,M1573,1
U21,M1580,3
U21,M1704,2
U21,M1721,2
U21,M1722,4
U21,M1909,1
U21,M1918,2
U21,M2000,2
U21,M2001,1
U21,M2002,2
U21,M2006,1
U21,M2011,4
U21,M2012,4
U21,M2023,1
U21,M2052,2
U21,M2087,1
U21,M2115,3
U21,M2167,2
U21,M2174,0
U21,M2273,2
U21,M2288,0
U21,M2355,2
U21,M2376,3
U21,M2378,1
U21,M2402,2
U21,M2403,1
U21,M2424,3
U21,M2529,3
U21,M2541,3
U21,M2571,3
U21,M2617,2
U21,M2628,3
U21,M2671,3
U21,M2683,1
U21,M2700,1
U21,M2706,4
U21,M2716,2
U21,M2717,3
U21,M2724,2
U21,M2762,0
U21,M2763,3
U21,M2858,1
U21,M2916,3
U21,M2947,3
U21,M2948,3
U21,M2949,3
U21,M2953,2
U21,M2959,1
U21,M2985,2
U21,M2989,3
U21,M2990,3
U21,M2991,3
U21,M2993,3
U21,M3000,0
U21,M3022,3
U21,M3082,4
U21,M3114,2
U21,M3253,3
U21,M3462,2
U21,M3489,2
U21,M3578,1
U21,M3617,1
U21,M3623,3
U21,M3633,3
U21,M3635,3
U21,M3638,3
U21,M3639,3
U21,M3697,1
U21,M3793,2
U21,M3868,3
U21,M3869,3
U21,M3948,2
U21,M3984,3
U21,M3988,0
U21,M4005,3
U21,M4040,1
U21,M4085,2
U21,M4306,3
U21,M4446,2
U21,M4489,3
U21,M4545,3
U21,M4621,1
U21,M4638,3
U21,M4700,2
U21,M4701,2
U21,M4718,3
U21,M4886,2
U21,M4896,3
U21,M4963,3
U21,M4973,2
U21,M4993,0
U21,M5218,3
U21,M5219,2
U21,M5254,2
U21,M5266,0
U21,M5349,2
U21,M5378,3
U21,M5418,3
U21,M5445,3
U21,M5459,3
U21,M5481,2
U21,M5574,3
U21,M5796,1
U21,M5816,3
U21,M5872,4
U21,M5952,1
U21,M5989,2
U21,M6155,2
U21,M6166,1
U21,M6365,2
U21,M6373,2
U21,M6503,2
U21,M6539,3
U21,M6548,2
U21,M6874,0
U21,M6934,3
U21,M6942,3
U21,M7143,3
U21,M7153,0
U21,M7373,2
U21,M7438,0
U21,M7569,3
U21,M7570,3
U21,M7573,4
U21,M7701,1
U21,M8360,3
U21,M8368,3
U21,M8529,3
U21,M8574,0
U21,M8636,2
U21,M8644,3
U21,M8665,3
U21,M8798,3
U21,M8946,2
U21,M8961,2
U21,M8972,3
U21,M8984,3
U21,M26340,2
U21,M30793,2
U21,M30816,2
U21,M30825,2
U21,M31433,2
U21,M31685,2
U21,M32296,2
U21,M32587,2
U21,M33004,3
U21,M33493,3
U21,M33615,3
U21,M33679,3
U21,M33794,2
U21,M34048,2
U21,M34150,2
U21,M34162,2
U21,M36519,2
U21,M38038,0
U21,M39715,1
U21,M40629,0
U21,M40815,3
U21,M41566,2
U21,M44022,2
U21,M44191,1
U21,M45186,2
U21,M45447,2
U21,M45499,2
U21,M45672,2
U21,M46972,2
U21,M47566,3
U21,M47997,4
U21,M49272,3
U21,M49286,2
U21,M50189,1
U21,M50872,2
U21,M51084,2
U21,M51662,2
U21,M52730,0
U21,M52973,2
U21,M53121,3
U21,M53125,3
U21,M53322,3
U21,M53972,2
U21,M53996,2
U21,M54276,2
U21,M54286,3
U21,M56775,2
U21,M57640,2
U21,M58025,1
U21,M58559,2
U21,M58998,3
U21,M59315,3
U21,M59369,2
U21,M59429,1
U21,M59615,3
U21,M59784,2
U21,M59900,2
U21,M60074,2
U21,M60397,2
U21,M61160,0
U21,M63082,2
U21,M63113,2
U21,M63859,2
U21,M64032,1
U21,M66934,0
U21,M68791,2
U21,M68793,2
U21,M68954,3
U21,M69122,2
U21,M69406,2
U21,M69526,2
U21,M69644,3
U21,M69844,3
U21,M70286,2
U21,M72378,2
U21,M72641,2
U21,M72998,3
U21,M73017,1
U21,M73106,1
U21,M73319,2
U21,M73321,2
U21,M73858,0
U21,M74789,1
U21,M76093,2
U21,M76251,1
U21,M77561,3
U21,M78469,2
U21,M78499,3
U21,M78637,3
U21,M79132,2
U21,M79134,1
U21,M79185,3
U21,M79293,2
U21,M79592,2
U21,M80166,2
U21,M80463,2
U21,M81229,2
U21,M81564,1
U21,M81591,0
U21,M81834,2
U21,M81845,2
U21,M82202,3
U21,M84152,2
U21,M85259,3
U21,M86068,0
U21,M87232,2
U21,M87520,2
U21,M88125,3
U21,M88140,2
U21,M88405,1
U21,M88744,2
U21,M89745,3
U21,M90249,2
U21,M91500,2
U21,M91529,2
U21,M91535,2
U21,M91630,3
U21,M93510,2
U21,M94503,2
U21,M94677,3
U21,M94777,3
U21,M95067,2
U21,M95167,2
U21,M95170,3
U21,M95441,2
U21,M95510,2
U21,M95738,2
U21,M96004,1
U21,M96079,3
U21,M96588,2
U21,M97913,1
U21,M97938,2
U21,M98124,2
U21,M99114,2
U21,M99532,0
U21,M101864,3
U21,M102125,2
U21,M102481,3
U21,M102716,2
U21,M102993,1
U21,M103141,3
U21,M103228,2
U21,M103253,2
U21,M103335,3
U21,M103339,2
U21,M103372,2
U21,M103384,3
U21,M103801,0
U21,M103810,2
U21,M103819,0
U21,M103883,2
U21,M104211,3
U21,M104374,2
U21,M104841,3
U21,M105213,1
U21,M105653,3
U21,M105844,1
U21,M105954,2
U21,M106072,2
U21,M106487,3
U21,M106489,2
U21,M106491,2
U21,M106540,1
U21,M106696,3
U21,M106782,2
U21,M106916,2
U21,M106918,2
U21,M106920,1
U21,M107013,0
U21,M107141,3
U21,M107449,0
U21,M108156,2
U21,M108190,2
U21,M108932,0
U21,M108945,2
U21,M109374,2
U21,M109487,2
U21,M109576,1
U21,M109723,2
U21,M109864,0
U21,M110102,2
U21,M110130,3
U21,M110553,2
U21,M111113,1
U21,M111362,2
U21,M111617,3
U21,M111743,2
U21,M111759,3
U21,M111781,3
U21,M111844,2
U21,M112006,2
U21,M112138,2
U21,M112175,2
U21,M112852,3
U21,M114180,2
U21,M114818,0
U21,M115149,2
U21,M115502,2
U21,M115617,3
U21,M115877,2
U21,M116797,1
U21,M116823,2
U21,M117368,2
U21,M117529,3
U21,M117572,1
U21,M117590,2
U21,M117851,2
U21,M117922,2
U21,M119141,0
U21,M119145,3
U21,M119155,2
U21,M119964,1
U21,M122882,2
U21,M122886,3
U21,M122892,2
U21,M122896,3
U21,M122900,2
U21,M122904,2
U21,M122922,3
U21,M126548,2
U21,M130450,2
U21,M132157,1
U21,M133419,2
U21,M134368,2
U21,M134393,1
U21,M134853,3
U21,M135133,2
U21,M135536,2
U21,M135861,0
U21,M135887,3
U21,M136016,2
U21,M136020,3
U21,M138036,2
U21,M138186,0
U21,M139642,0
U21,M139717,0
U21,M139915,1
U21,M140301,2
U21,M142536,1
U21,M143245,0
U21,M143385,3
U21,M148675,1
U21,M149380,0
U21,M152081,3
U21,M160565,0
U21,M160872,0
U21,M164179,3
U21,M164909,2
U21,M166492,2
U21,M167036,3
U21,M168248,2
U21,M168252,2
U21,M173307,0
U22,M107,3
U22,M216,3
U22,M253,3
U22,M318,4
U22,M356,4
U22,M541,4
U22,M858,2
U22,M1042,2
U22,M1193,4
U22,M1223,3
U22,M1952,4
U22,M1953,3
U22,M2058,0
U22,M2160,3
U22,M2300,3
U22,M2541,2
U22,M2723,1
U22,M2959,2
U22,M2968,2
U22,M3006,3
U22,M3210,2
U22,M3481,0
U22,M3489,4
U22,M3578,3
U22,M3751,3
U22,M3911,3
U22,M3949,0
U22,M3996,3
U22,M4017,3
U22,M4027,1
U22,M4034,3
U22,M4036,3
U22,M4226,2
U22,M4306,2
U22,M4848,3
U22,M4878,0
U22,M4886,2
U22,M4903,3
U22,M4979,2
U22,M4993,0
U22,M4995,2
U22,M5013,0
U22,M5015,0
U22,M5388,2
U22,M5418,2
U22,M5464,1
U22,M5617,2
U22,M5669,3
U22,M5673,0
U22,M5816,0
U22,M5902,2
U22,M6377,2
U22,M6502,0
U22,M6539,1
U22,M6711,3
U22,M6870,3
U22,M6874,3
U22,M7147,0
U22,M7153,0
U22,M7361,2
U22,M7438,4
U22,M8464,0
U22,M8622,0
U22,M8784,1
U22,M8798,3
U22,M8958,1
U22,M8961,3
U22,M8970,2
U22,M30707,1
U22,M30749,0
U22,M31410,0
U22,M31658,1
U22,M33004,0
U22,M33794,1
U22,M34437,2
U22,M36529,1
U22,M37733,1
U22,M37741,2
U22,M38038,0
U22,M39183,1
U22,M41997,2
U22,M44191,0
U22,M46976,0
U22,M48394,0
U22,M48516,1
U22,M48780,3
U22,M49272,4
U22,M50872,0
U22,M51540,0
U22,M52281,0
U22,M53519,0
U22,M54286,1
U22,M54503,2
U22,M55290,0
U22,M55765,0
U22,M55820,3
U22,M56171,0
U22,M56367,0
U22,M56782,3
U22,M56788,0
U22,M58559,2
U22,M59315,0
U22,M60069,1
U22,M60766,0
U22,M60950,0
U22,M61323,0
U22,M63082,0
U22,M64575,2
U22,M66097,1
U22,M68157,3
U22,M68358,0
U22,M68536,3
U22,M68954,1
U22,M69122,0
U22,M69757,0
U22,M70286,0
U22,M71464,0
U22,M72998,2
U22,M74789,0
U23,M6,3
U23,M29,3
U23,M32,2
U23,M50,3
U23,M58,2
U23,M175,2
U23,M272,3
U23,M293,3
U23,M296,2
U23,M300,2
U23,M334,3
U23,M431,2
U23,M454,1
U23,M541,4
U23,M608,2
U23,M741,3
U23,M750,2
U23,M778,3
U23,M858,2
U23,M866,2
U23,M904,2
U23,M912,2
U23,M913,3
U23,M923,3
U23,M924,3
U23,M1036,2
U23,M1050,2
U23,M1080,2
U23,M1089,3
U23,M1136,2
U23,M1175,3
U23,M1193,2
U23,M1199,3
U23,M1200,2
U23,M1203,2
U23,M1206,3
U23,M1208,3
U23,M1212,4
U23,M1213,2
U23,M1214,3
U23,M1217,2
U23,M1218,2
U23,M1221,2
U23,M1222,4
U23,M1232,4
U23,M1233,4
U23,M1237,3
U23,M1243,2
U23,M1245,2
U23,M1248,2
U23,M1249,2
U23,M1252,3
U23,M1258,4
U23,M1266,3
U23,M1274,3
U23,M1284,4
U23,M1425,2
U23,M1464,3
U23,M1617,2
U23,M1711,3
U23,M1748,2
U23,M1809,2
U23,M1859,2
U23,M1884,2
U23,M1952,2
U23,M1960,2
U23,M2019,2
U23,M2194,2
U23,M2467,3
U23,M2542,2
U23,M2579,3
U23,M2686,3
U23,M2726,3
U23,M2730,1
U23,M2761,2
U23,M2912,2
U23,M2951,2
U23,M3000,2
U23,M3030,2
U23,M3108,2
U23,M3181,2
U23,M3265,3
U23,M3424,2
U23,M3462,2
U23,M3681,2
U23,M3822,2
U23,M3949,4
U23,M3996,2
U23,M4027,2
U23,M4226,3
U23,M4235,3
U23,M4973,2
U23,M5013,2
U23,M5333,3
U23,M5618,3
U23,M5782,3
U23,M5971,3
U23,M6234,2
U23,M6387,2
U23,M6440,4
U23,M6721,2
U23,M6773,3
U23,M6790,2
U23,M6807,2
U23,M6857,2
U23,M6874,2
U23,M6920,2
U23,M6989,2
U23,M7064,2
U23,M7069,2
U23,M7099,3
U23,M7123,3
U23,M7438,2
U23,M7587,4
U23,M7924,2
U23,M7932,2
U23,M8012,3
U23,M8228,3
U23,M8370,3
U23,M8636,2
U23,M8961,2
U24,M6,3
U24,M32,2
U24,M50,3
U24,M165,2
U24,M253,2
U24,M296,3
U24,M316,2
U24,M318,3
U24,M356,3
U24,M457,2
U24,M552,2
U24,M593,3
U24,M608,3
U24,M733,2
U24,M780,2
U24,M1047,1
U24,M1197,3
U24,M1198,3
U24,M1220,2
U24,M1246,3
U24,M1265,3
U24,M1297,2
U24,M1370,2
U24,M1396,3
U24,M1527,3
U24,M1580,3
U24,M1639,2
U24,M1653,2
U24,M1663,2
U24,M1682,2
U24,M1704,3
U24,M1784,3
U24,M2028,3
U24,M2115,3
U24,M2134,2
U24,M2273,2
U24,M2405,1
U24,M2421,2
U24,M2424,3
U24,M2571,3
U24,M2617,2
U24,M2686,3
U24,M2916,2
U24,M3147,3
U24,M3556,1
U24,M3578,3
U24,M4027,3
U24,M4262,3
U24,M4299,2
U24,M4489,3
U24,M4701,2
U24,M4855,3
U24,M4973,2
U24,M4995,2
U24,M5064,3
U24,M5418,3
U24,M5445,2
U24,M5673,3
U24,M5791,3
U24,M5903,2
U24,M5943,1
U24,M6350,3
U24,M7143,3
U24,M7293,2
U24,M8784,2
U24,M27773,3
U24,M31685,2
U24,M31696,2
U24,M33679,2
U24,M34437,2
U24,M35836,3
U24,M38061,3
U24,M44191,3
U24,M45672,2
U24,M46976,3
U24,M47610,2
U24,M49272,2
U24,M51662,3
U24,M52973,2
U24,M54286,3
U24,M57368,2
U24,M58559,3
U24,M58998,3
U24,M59615,2
U24,M61024,2
U24,M61132,2
U24,M63113,2
U24,M64957,3
U24,M64969,2
U24,M68157,2
U24,M68358,3
U24,M69406,2
U24,M70286,3
U24,M72011,3
U24,M79132,3
U24,M86882,3
U24,M91529,3
U24,M91542,2
U24,M94777,3
U24,M96079,2
U24,M96610,2
U24,M102407,2
U24,M111759,2
U24,M119145,3
U24,M122886,2
U24,M132660,3
U24,M134130,3
U24,M134393,1
U24,M134853,3
U24,M139385,2
U25,M231,3
U25,M260,4
U25,M527,4
U25,M1198,4
U25,M2028,4
U25,M2571,4
U25,M3578,4
U25,M4993,4
U25,M5952,4
U25,M7153,4
U25,M58559,4
U25,M59315,3
U25,M60069,4
U25,M68157,4
U25,M68954,4
U25,M74458,3
U25,M79132,4
U25,M91529,4
U25,M116797,4
U25,M122912,4
U25,M122916,3
U25,M176371,3
U25,M177593,4
U25,M180095,4
U25,M187541,3
U25,M187593,4
U26,M10,2
U26,M34,2
U26,M47,3
U26,M150,2
U26,M153,2
U26,M165,3
U26,M185,2
U26,M208,1
U26,M225,2
U26,M288,2
U26,M296,3
U26,M300,2
U26,M344,2
U26,M349,2
U26,M356,2
U26,M380,2
U26,M434,1
U26,M454,3
U26,M457,3
U26,M592,3
U26,M593,3
U27,M1,2
U27,M2,3
U27,M34,4
U27,M48,3
U27,M60,2
U27,M62,4
U27,M126,1
U27,M158,1
U27,M238,2
U27,M260,3
U27,M316,3
U27,M356,4
U27,M364,3
U27,M367,3
U27,M421,2
U27,M455,2
U27,M480,3
U27,M590,3
U27,M595,3
U27,M648,3
U27,M661,2
U27,M673,1
U27,M736,2
U27,M745,4
U27,M780,2
U27,M783,3
U27,M801,1
U27,M808,3
U27,M902,3
U27,M911,4
U27,M913,3
U27,M920,3
U27,M924,1
U27,M969,3
U27,M986,3
U27,M1010,1
U27,M1015,3
U27,M1021,3
U27,M1022,3
U27,M1035,4
U27,M1083,3
U27,M1097,4
U27,M1101,3
U27,M1127,3
U27,M1148,4
U27,M1196,3
U27,M1197,4
U27,M1198,4
U27,M1200,0
U27,M1201,3
U27,M1207,4
U27,M1210,3
U27,M1222,0
U27,M1247,1
U27,M1250,3
U27,M1262,4
U27,M1270,4
U27,M1276,3
U27,M1287,4
U27,M1304,2
U27,M1356,2
U27,M1387,1
U27,M1396,2
U27,M1474,2
U27,M1566,1
U27,M1580,2
U27,M1584,3
U27,M1588,1
U27,M1592,2
U27,M1721,4
U27,M1876,3
U27,M1907,3
U27,M1920,1
U27,M1947,4
U27,M1960,2
U27,M2012,3
U27,M2032,1
U27,M2040,1
U27,M2046,3
U27,M2054,3
U27,M2059,2
U27,M2080,3
U27,M2085,2
U27,M2094,3
U27,M2100,3
U27,M2115,3
U27,M2142,2
U27,M2150,4
U27,M2151,4
U27,M2161,3
U27,M2174,1
U27,M2294,1
U27,M2311,1
U27,M2355,2
U27,M2406,3
U27,M2407,3
U27,M2478,4
U27,M2529,3
U27,M2530,2
U27,M2532,2
U27,M2565,4
U27,M2628,4
U27,M2640,3
U27,M2687,3
U27,M2709,2
U27,M2876,1
U27,M2886,1
U27,M2944,3
U27,M2951,3
U27,M2985,0
U27,M3033,1
U27,M3037,3
U27,M3062,3
U27,M3104,3
U27,M3114,3
U27,M3157,2
U27,M3168,1
U27,M3247,2
U27,M3350,3
U27,M3448,3
U27,M3451,4
U27,M3471,3
U27,M3479,3
U27,M3489,4
U27,M3508,3
U27,M3519,2
U27,M3555,3
U27,M3654,3
U27,M3681,3
U27,M3697,0
U27,M3751,2
U27,M3791,2
U27,M3809,0
U27,M3836,3
U27,M5060,1
U28,M6,2
U28,M16,1
U28,M21,2
U28,M23,0
U28,M31,1
U28,M32,2
U28,M47,2
U28,M50,2
U28,M62,2
U28,M95,1
U28,M110,2
U28,M145,0
U28,M147,1
U28,M161,2
U28,M172,2
U28,M211,2
U28,M224,2
U28,M253,2
U28,M260,3
U28,M290,2
U28,M293,3
U28,M296,3
U28,M300,1
U28,M316,3
U28,M318,2
U28,M337,2
U28,M345,3
U28,M349,2
U28,M353,2
U28,M356,3
U28,M377,0
U28,M428,1
U28,M442,0
U28,M456,1
U28,M457,2
U28,M474,1
U28,M475,3
U28,M480,1
U28,M481,2
U28,M507,3
U28,M508,2
U28,M524,2
U28,M527,2
U28,M529,2
U28,M541,3
U28,M553,2
U28,M555,2
U28,M589,3
U28,M590,3
U28,M592,1
U28,M593,1
U28,M599,2
U28,M608,2
U28,M635,2
U28,M647,1
U28,M678,2
U28,M714,2
U28,M724,0
U28,M733,0
U28,M736,1
U28,M778,2
U28,M780,2
U28,M851,1
U28,M858,3
U28,M898,2
U28,M899,1
U28,M924,2
U28,M996,1
U28,M1036,1
U28,M1042,1
U28,M1047,2
U28,M1080,2
U28,M1089,2
U28,M1092,1
U28,M1095,2
U28,M1101,2
U28,M1120,2
U28,M1129,1
U28,M1136,2
U28,M1171,2
U28,M1196,3
U28,M1197,1
U28,M1198,1
U28,M1199,1
U28,M1200,3
U28,M1201,3
U28,M1206,1
U28,M1208,2
U28,M1209,2
U28,M1210,3
U28,M1213,3
U28,M1214,2
U28,M1215,2
U28,M1221,3
U28,M1222,3
U28,M1230,1
U28,M1233,2
U28,M1234,2
U28,M1240,3
U28,M1245,2
U28,M1249,3
U28,M1253,2
U28,M1256,3
U28,M1266,3
U28,M1271,1
U28,M1275,1
U28,M1276,2
U28,M1303,2
U28,M1356,2
U28,M1358,3
U28,M1371,3
U28,M1374,1
U28,M1459,1
U28,M1466,2
U28,M1480,2
U28,M1517,1
U28,M1527,3
U28,M1580,2
U28,M1584,2
U28,M1587,1
U28,M1590,2
U28,M1608,1
U28,M1610,3
U28,M1617,2
U28,M1625,1
U28,M1641,1
U28,M1645,1
U28,M1653,2
U28,M1678,1
U28,M1682,0
U28,M1704,2
U28,M1729,1
U28,M1732,3
U28,M1748,2
U28,M1754,2
U28,M1785,2
U28,M1884,1
U28,M1921,3
U28,M1953,3
U28,M1994,1
U28,M2000,1
U28,M2012,1
U28,M2021,4
U28,M2023,2
U28,M2028,2
U28,M2058,1
U28,M2060,0
U28,M2105,3
U28,M2193,2
U28,M2194,2
U28,M2231,1
U28,M2232,1
U28,M2268,2
U28,M2272,1
U28,M2278,3
U28,M2329,1
U28,M2353,1
U28,M2358,3
U28,M2403,1
U28,M2412,1
U28,M2427,2
U28,M2490,3
U28,M2502,1
U28,M2539,0
U28,M2542,2
U28,M2571,3
U28,M2580,2
U28,M2618,2
U28,M2628,3
U28,M2683,1
U28,M2686,2
U28,M2701,0
U28,M2706,2
U28,M2716,0
U28,M2762,2
U28,M2763,1
U28,M2841,1
U28,M2858,3
U28,M2908,2
U28,M2912,1
U28,M2916,2
U28,M2944,2
U28,M2951,2
U28,M2952,1
U28,M2959,2
U28,M2968,3
U28,M2985,2
U28,M2997,1
U28,M3006,1
U28,M3020,2
U28,M3033,2
U28,M3052,2
U28,M3100,3
U28,M3105,1
U28,M3107,1
U28,M3147,1
U28,M3156,1
U28,M3169,1
U28,M3173,1
U28,M3174,1
U28,M3175,0
U28,M3176,2
U28,M3178,1
U28,M3198,2
U28,M3246,1
U28,M3250,3
U28,M3252,2
U28,M3256,1
U28,M3260,2
U28,M3271,2
U28,M3272,3
U28,M3275,2
U28,M3300,3
U28,M3317,1
U28,M3328,3
U28,M3360,3
U28,M3386,1
U28,M3408,2
U28,M3429,2
U28,M3499,2
U28,M3508,3
U28,M3510,2
U28,M3535,3
U28,M3543,1
U28,M3555,2
U28,M3556,2
U28,M3578,3
U28,M3681,2
U28,M3683,1
U28,M3702,2
U28,M3755,1
U28,M3783,3
U28,M3793,2
U28,M3911,2
U28,M3916,2
U28,M3949,1
U28,M3950,2
U28,M3967,3
U28,M3980,2
U28,M3994,2
U28,M3996,1
U28,M4011,2
U28,M4017,2
U28,M4019,2
U28,M4022,2
U28,M4027,2
U28,M4034,2
U28,M4047,2
U28,M4211,1
U28,M4223,3
U28,M4226,2
U28,M4238,1
U28,M4251,1
U28,M4327,2
U28,M4343,1
U28,M4344,0
U28,M4370,2
U28,M4378,2
U28,M4446,2
U28,M4626,2
U28,M4688,1
U28,M4772,2
U28,M4776,1
U28,M4787,1
U28,M4855,1
U28,M4874,2
U28,M4878,3
U28,M4881,1
U28,M4993,2
U28,M4995,2
U28,M5009,1
U28,M5010,3
U28,M5055,1
U28,M5152,3
U28,M5267,2
U28,M5292,2
U28,M5329,2
U28,M5349,2
U28,M5378,3
U28,M5418,2
U28,M5445,2
U28,M5446,2
U28,M5464,2
U28,M5502,2
U28,M5577,1
U28,M5617,1
U28,M5630,1
U28,M5632,2
U28,M5682,1
U28,M5747,2
U28,M5782,3
U28,M5903,2
U28,M5945,2
U28,M5952,2
U28,M5955,2
U28,M5956,1
U28,M5989,2
U28,M5995,2
U28,M6157,0
U28,M6281,0
U28,M6333,1
U28,M6365,2
U28,M6378,1
U28,M6428,2
U28,M6502,2
U28,M6534,1
U28,M6537,3
U28,M6539,1
U28,M6548,0
U28,M6552,1
U28,M6565,2
U28,M6617,3
U28,M6711,1
U28,M6796,1
U28,M6807,1
U28,M6817,2
U28,M6867,3
U28,M6870,2
U28,M6874,3
U28,M6884,2
U28,M6934,2
U28,M6947,2
U28,M6953,2
U28,M6957,2
U28,M6974,2
U28,M6993,0
U28,M6997,2
U28,M7009,2
U28,M7025,1
U28,M7090,1
U28,M7123,2
U28,M7143,2
U28,M7153,2
U28,M7263,2
U28,M7361,1
U28,M7438,3
U28,M7445,1
U28,M7458,3
U28,M7481,3
U28,M7649,1
U28,M7706,3
U28,M7841,3
U28,M7842,4
U28,M7884,1
U28,M8010,3
U28,M8132,3
U28,M8207,2
U28,M8361,1
U28,M8378,3
U28,M8493,2
U28,M8495,1
U28,M8633,3
U28,M8636,2
U28,M8641,2
U28,M8644,3
U28,M8665,2
U28,M8798,2
U28,M8810,2
U28,M8874,1
U28,M8914,1
U28,M8937,1
U28,M8949,1
U28,M8950,3
U28,M8951,2
U28,M8961,2
U28,M8970,2
U28,M8977,1
U28,M8982,2
U28,M8983,1
U28,M26614,3
U28,M26649,3
U28,M26695,2
U28,M26750,2
U28,M26812,2
U28,M26901,1
U28,M27408,1
U28,M27450,1
U28,M27611,3
U28,M27788,0
U28,M27793,1
U28,M27831,2
U28,M30707,3
U28,M30749,3
U28,M30812,2
U28,M31101,2
U28,M31116,2
U28,M31225,2
U28,M31420,1
U28,M32587,2
U28,M33004,2
U28,M33166,1
U28,M33493,3
U28,M33558,2
U28,M33660,3
U28,M33679,1
U28,M33794,3
U28,M34048,2
U28,M34150,2
U28,M34319,2
U28,M34405,3
U28,M34437,2
U28,M34536,1
U28,M36517,1
U28,M36527,2
U28,M36529,3
U28,M37386,2
U28,M37731,1
U28,M37739,2
U28,M37741,1
U28,M38061,3
U28,M38886,1
U28,M39381,2
U28,M39444,2
U28,M40278,2
U28,M40414,2
U28,M40583,1
U28,M40629,1
U28,M40819,1
U28,M41566,1
U28,M41569,1
U28,M41863,3
U28,M41997,2
U28,M42004,1
U28,M43396,3
U28,M43921,2
U28,M43928,2
U28,M43936,1
U28,M44191,2
U28,M44195,3
U28,M44199,1
U28,M44204,2
U28,M44665,2
U28,M44761,1
U28,M45658,1
U28,M46578,1
U28,M46723,1
U28,M47099,2
U28,M47629,1
U28,M47644,2
U28,M47894,2
U28,M48326,1
U28,M48385,3
U28,M48516,1
U28,M48738,2
U28,M48774,2
U28,M48780,0
U28,M48783,1
U28,M48879,1
U28,M49265,3
U28,M49272,2
U28,M49278,1
U28,M49530,3
U28,M49651,1
U28,M49822,2
U28,M49961,2
U28,M50068,2
U28,M50442,1
U28,M51080,1
U28,M51255,0
U28,M51471,2
U28,M51540,1
U28,M51662,3
U28,M51935,1
U28,M52042,1
U28,M52241,1
U28,M52281,1
U28,M52328,1
U28,M52604,1
U28,M52952,2
U28,M53123,4
U28,M53322,0
U28,M53550,1
U28,M53953,0
U28,M53972,1
U28,M54286,3
U28,M54503,2
U28,M54736,1
U28,M54962,1
U28,M54997,2
U28,M55080,1
U28,M55094,2
U28,M55116,2
U28,M55118,3
U28,M55247,2
U28,M55274,1
U28,M55276,1
U28,M55290,2
U28,M55363,2
U28,M55721,2
U28,M55765,1
U28,M55820,3
U28,M55908,2
U28,M56145,0
U28,M56174,3
U28,M56367,1
U28,M56587,2
U28,M56607,1
U28,M56782,2
U28,M56921,1
U28,M57368,1
U28,M57528,1
U28,M57640,3
U28,M57669,3
U28,M58293,0
U28,M58559,2
U28,M58803,2
U28,M59018,3
U28,M59129,1
U28,M59315,3
U28,M59369,3
U28,M59387,1
U28,M60040,2
U28,M60046,2
U28,M60069,3
U28,M60389,3
U28,M60647,1
U28,M60674,1
U28,M60684,3
U28,M60735,1
U28,M60753,2
U28,M60941,2
U28,M60943,3
U28,M61011,1
U28,M61024,1
U28,M61132,1
U28,M61167,3
U28,M61210,2
U28,M61236,1
U28,M61248,1
U28,M61323,1
U28,M61350,2
U28,M61352,2
U28,M61628,1
U28,M61986,2
U28,M62374,1
U28,M62376,1
U28,M62394,1
U28,M62792,1
U28,M62799,2
U28,M62849,2
U28,M63033,2
U28,M63062,2
U28,M63082,3
U28,M63113,2
U28,M63433,1
U28,M64030,2
U28,M64497,2
U28,M64575,1
U28,M64614,3
U28,M64716,3
U28,M64839,2
U28,M64957,3
U28,M64983,1
U28,M64997,2
U28,M65216,2
U28,M65682,1
U28,M65982,2
U28,M67534,2
U28,M68205,2
U28,M68237,2
U28,M68319,2
U28,M68358,2
U28,M68791,3
U28,M69849,2
U28,M70286,3
U28,M70336,0
U28,M71106,1
U28,M71135,2
U28,M72378,1
U28,M72998,4
U29,M50,2
U29,M150,3
U29,M165,3
U29,M170,2
U29,M296,2
U29,M316,3
U29,M318,3
U29,M356,3
U29,M750,3
U29,M780,3
U29,M858,3
U29,M904,3
U29,M914,3
U29,M924,4
U29,M953,4
U29,M1100,2
U29,M1136,3
U29,M1198,3
U29,M1201,4
U29,M1204,3
U29,M1208,3
U29,M1209,3
U29,M1213,3
U29,M1222,3
U29,M1224,3
U29,M1242,3
U29,M1250,4
U29,M1262,3
U29,M1270,3
U29,M1272,4
U29,M1303,3
U29,M1385,1
U29,M1408,4
U29,M1617,4
U29,M1772,0
U29,M1792,2
U29,M1939,3
U29,M1945,3
U29,M2028,4
U29,M2301,3
U29,M2420,2
U29,M2761,2
U29,M2872,3
U29,M2944,3
U29,M2951,3
U29,M3363,3
U29,M3441,2
U29,M3578,4
U29,M3591,2
U29,M3681,3
U29,M4223,3
U29,M4327,3
U29,M4980,1
U29,M5010,3
U29,M5464,3
U29,M5995,4
U29,M6502,3
U29,M6787,3
U29,M7156,3
U29,M7379,2
U29,M26554,3
U29,M26729,3
U29,M27611,4
U29,M48516,3
U29,M48774,3
U29,M51540,3
U29,M55820,3
U29,M56174,3
U29,M64620,3
U29,M68237,4
U29,M70286,3
U29,M80489,3
U29,M81845,3
U29,M82459,4
U29,M87232,2
U29,M87306,3
U29,M98961,3
U29,M99114,3
U29,M104841,3
U29,M111362,3
U29,M111759,3
U30,M110,4
U30,M260,4
U30,M318,4
U30,M589,2
U30,M1036,3
U30,M1196,4
U30,M1198,4
U30,M1200,2
U30,M1210,4
U30,M1240,2
U30,M1291,4
U30,M2571,4
U30,M4993,4
U30,M5952,4
U30,M7153,4
U30,M33794,4
U30,M58559,4
U30,M59315,4
U30,M60069,4
U30,M68358,4
U30,M68954,4
U30,M79132,4
U30,M91529,4
U30,M93510,4
U30,M95510,4
U30,M96821,4
U30,M97913,3
U30,M108932,3
U30,M109487,4
U30,M111759,4
U30,M112852,4
U30,M115617,4
U30,M116823,3
U30,M122904,4
U31,M1,4
U31,M5,2
U31,M7,3
U31,M10,3
U31,M17,2
U31,M25,1
U31,M62,3
U31,M141,3
U31,M165,3
U31,M339,3
U31,M344,2
U31,M377,4
U31,M588,4
U31,M605,3
U31,M612,2
U31,M648,4
U31,M733,4
U31,M736,3
U31,M780,3
U31,M783,3
U31,M784,4
U31,M788,1
U31,M852,3
U31,M912,4
U31,M1036,4
U31,M1057,4
U31,M1073,3
U31,M1099,1
U31,M1136,2
U31,M1196,3
U31,M1197,4
U31,M1198,3
U31,M1200,2
U31,M1214,3
U31,M1231,2
U31,M1240,3
U31,M1246,2
U31,M1265,1
U31,M1270,3
U31,M1278,4
U31,M1282,4
U31,M1302,3
U31,M1353,3
U31,M1356,3
U31,M1361,4
U31,M1363,4
U31,M1391,4
U31,M1393,2
U31,M1405,0
U31,M5060,4
U32,M1,2
U32,M3,2
U32,M6,2
U32,M7,3
U32,M21,3
U32,M24,2
U32,M25,3
U32,M26,3
U32,M32,3
U32,M36,3
U32,M39,2
U32,M50,4
U32,M52,2
U32,M58,4
U32,M62,2
U32,M74,3
U32,M78,3
U32,M95,2
U32,M100,3
U32,M140,2
U32,M141,3
U32,M153,2
U32,M194,4
U32,M203,3
U32,M224,3
U32,M236,2
U32,M246,3
U32,M252,2
U32,M260,4
U32,M265,4
U32,M272,4
U32,M282,3
U32,M296,4
U32,M314,3
U32,M318,4
U32,M327,2
U32,M337,2
U32,M339,3
U32,M345,4
U32,M353,2
U32,M357,2
U32,M361,3
U32,M376,2
U32,M410,2
U32,M440,3
U32,M471,2
U32,M497,4
U32,M527,3
U32,M529,3
U32,M538,4
U32,M539,3
U32,M553,2
U32,M592,4
U32,M593,4
U32,M608,4
U32,M627,3
U32,M628,2
U32,M648,2
U32,M653,2
U32,M661,2
U32,M694,2
U32,M708,3
U32,M719,2
U32,M733,3
U32,M736,2
U32,M761,3
U32,M780,2
U32,M784,2
U32,M786,2
U32,M788,0
U32,M799,2
